Date,Adj Close,Close,High,Low,Open,Volume,MA20,MA50,Daily Return,Signal,Position,Action,Market Return,Strategy Return,Portfolio Value,Buy Hold Value
2025-01-01,3851.036376953125,4112.4501953125,4134.0,4085.449951171875,4094.39990234375,763161,,,0.0,0,0.0,HOLD,0.0,0.0,100000.0,100000.0
2025-01-02,3910.3125,4175.75,4183.0,4096.9501953125,4120.0,1720835,,,0.015392236180671759,0,0.0,HOLD,0.015392236180671759,0.0,100000.0,101539.22361806718
2025-01-03,3839.283935546875,4099.89990234375,4179.9501953125,4092.300048828125,4179.9501953125,1791953,,,-0.018164424991019557,0,0.0,HOLD,-0.018164424991019557,-0.0,100000.0,99694.82200701043
2025-01-06,3834.695556640625,4095.0,4149.64990234375,4066.39990234375,4105.5,2085593,,,-0.0011951273105348381,0,0.0,HOLD,-0.0011951273105348381,-0.0,100000.0,99575.67400251093
2025-01-07,3772.2353515625,4028.300048828125,4140.35009765625,4011.550048828125,4114.9501953125,2669054,,,-0.016288144364316248,0,0.0,HOLD,-0.016288144364316248,-0.0,100000.0,97953.77104918395
2025-01-08,3847.2431640625,4108.39990234375,4126.0,4017.75,4034.89990234375,2181277,,,0.01988428184214497,0,0.0,HOLD,0.01988428184214497,0.0,100000.0,99901.51144022687
2025-01-09,3782.11474609375,4038.85009765625,4137.75,4025.300048828125,4101.0,2392472,,,-0.016928684242209058,0,0.0,HOLD,-0.016928684242209058,-0.0,100000.0,98210.31029773582
2025-01-10,3994.497802734375,4265.64990234375,4297.0,4170.0,4200.0,7894300,,,0.056154548746216726,0,0.0,HOLD,0.056154548746216726,0.0,100000.0,103725.2659547311
2025-01-13,4018.330322265625,4291.10009765625,4322.9501953125,4227.39990234375,4245.0,4003771,,,0.005966311323045259,0,0.0,HOLD,0.005966311323045259,0.0,100000.0,104344.12318348269
2025-01-14,3963.969970703125,4233.0498046875,4313.89990234375,4219.0498046875,4302.0,3441709,,,-0.013528067779275621,0,0.0,HOLD,-0.013528067779275621,-0.0,100000.0,102932.54881268746
2025-01-15,3979.46826171875,4249.60009765625,4256.4501953125,4207.4501953125,4218.0,1653474,,,0.003909779882680153,0,0.0,HOLD,0.003909779882680153,0.0,100000.0,103334.99242130828
2025-01-16,3938.920166015625,4206.2998046875,4294.0,4191.85009765625,4260.0,2637705,,,-0.010189262983270164,0,0.0,HOLD,-0.010189262983270164,-0.0,100000.0,102282.08500815334
2025-01-17,3933.1982421875,4124.2998046875,4160.60009765625,4100.0498046875,4159.89990234375,1761466,,,-0.01949456857749876,0,0.0,HOLD,-0.01949456857749876,-0.0,100000.0,100288.13988771234
2025-01-20,3888.85302734375,4077.800048828125,4145.7998046875,4068.10009765625,4145.7998046875,1287799,,,-0.011274581883335744,0,0.0,HOLD,-0.011274581883335744,-0.0,100000.0,99157.4330426209
2025-01-21,3848.846923828125,4035.85009765625,4111.0,4030.0,4095.300048828125,1971591,,,-0.010287397780558316,0,0.0,HOLD,-0.010287397780558316,-0.0,100000.0,98137.36108601239
2025-01-22,3964.001708984375,4156.60009765625,4163.14990234375,4044.199951171875,4050.0,2409223,,,0.029919347120975548,0,0.0,HOLD,0.029919347120975548,0.0,100000.0,101073.56685788132
2025-01-23,3953.368408203125,4145.4501953125,4191.35009765625,4140.0498046875,4168.0,1822998,,,-0.0026824573165066257,0,0.0,HOLD,-0.0026824573165066257,-0.0,100000.0,100802.44132895797
2025-01-24,3959.94921875,4152.35009765625,4178.0,4104.0,4104.0,1910099,,,0.0016644518734183489,0,0.0,HOLD,0.0016644518734183489,0.0,100000.0,100970.22214127309
2025-01-27,3876.7890625,4065.14990234375,4156.35009765625,4041.050048828125,4102.0,1551782,,,-0.021000203080592694,0,0.0,HOLD,-0.021000203080592694,-0.0,100000.0,98849.8269712138
2025-01-28,3853.091064453125,4040.300048828125,4102.0,4028.300048828125,4070.800048828125,2468272,4135.107507324219,,-0.006112899674695416,0,0.0,HOLD,-0.006112899674695416,-0.0,100000.0,98245.56789607777
2025-01-29,3909.83349609375,4099.7998046875,4107.85009765625,4054.0,4054.0,1217089,4134.474987792969,,0.014726568606366897,0,0.0,HOLD,0.014726568606366897,0.0,100000.0,99692.38799197083
2025-01-30,3910.07177734375,4100.0498046875,4129.89990234375,4058.5,4099.89990234375,1531251,4130.689978027343,,6.09785872260904e-05,0,0.0,HOLD,6.09785872260904e-05,0.0,100000.0,99698.46709294777
2025-01-31,3921.849853515625,4112.39990234375,4128.4501953125,4085.25,4110.0,1492943,4131.314978027343,,0.0030121823501096934,0,0.0,HOLD,0.0030121823501096934,0.0,100000.0,99998.77705585814
2025-02-01,3884.41845703125,4073.14990234375,4135.89990234375,4056.0,4113.0,437172,4130.222473144531,,-0.009544305255340224,0,0.0,HOLD,-0.009544305255340224,-0.0,100000.0,99044.35820247632
2025-02-03,3880.126953125,4068.64990234375,4077.0,3998.699951171875,4030.89990234375,1265713,4132.239965820312,,-0.0011047960688632674,0,0.0,HOLD,-0.0011047960688632674,-0.0,100000.0,98934.93438489114
2025-02-04,3916.747802734375,4107.0498046875,4118.85009765625,4066.050048828125,4083.699951171875,2547132,4132.1724609375,,0.009437996206463906,0,0.0,HOLD,0.009437996206463906,0.0,100000.0,99868.6819203025
2025-02-05,3901.536865234375,4091.10009765625,4150.0,4076.0,4150.0,1693912,4134.7849609375,,-0.0038834949147794617,0,0.0,HOLD,-0.0038834949147794617,-0.0,100000.0,99480.84240191926
2025-02-06,3893.57373046875,4082.75,4139.5,4051.550048828125,4105.39990234375,2284536,4125.639965820313,,-0.0020410396853974833,0,0.0,HOLD,-0.0020410396853974833,-0.0,100000.0,99277.79805464018
2025-02-07,3842.69580078125,4029.39990234375,4090.0,4008.0,4090.0,1548940,4112.554956054688,,-0.013067196780662593,0,0.0,HOLD,-0.013067196780662593,-0.0,100000.0,97980.51553150931
2025-02-10,3849.89599609375,4036.949951171875,4052.0,4014.35009765625,4040.0,1339511,4102.749963378907,,0.0018737402618522747,0,0.0,HOLD,0.0018737402618522747,0.0,100000.0,98164.10556833775
2025-02-11,3779.89697265625,3963.550048828125,4040.0,3955.0,4018.39990234375,1810908,4088.4474609375,,-0.018182019403644833,0,0.0,HOLD,-0.018182019403644833,-0.0,100000.0,96379.28389615279
2025-02-12,3767.117919921875,3950.14990234375,4021.75,3940.14990234375,3971.10009765625,1678002,4075.6399658203127,,-0.003380844525562865,0,0.0,HOLD,-0.003380844525562865,-0.0,100000.0,96053.44052181482
2025-02-13,3728.97119140625,3910.14990234375,3984.449951171875,3902.25,3968.0,2277310,4064.932470703125,,-0.010126197989667851,0,0.0,HOLD,-0.010126197989667851,-0.0,100000.0,95080.78436550214
2025-02-14,3752.526611328125,3934.85009765625,3948.0,3900.0,3925.0,1681975,4057.7849731445312,,0.006316943321711177,0,0.0,HOLD,0.006316943321711177,0.0,100000.0,95681.40429132286
2025-02-17,3723.5830078125,3904.5,3934.0,3856.199951171875,3856.5,1799806,4051.2174682617188,,-0.007713152192081685,0,0.0,HOLD,-0.007713152192081685,-0.0,100000.0,94943.39905807178
2025-02-18,3693.7333984375,3873.199951171875,3924.39990234375,3864.5,3898.39990234375,2149879,4037.0474609375,,-0.008016403848924325,0,0.0,HOLD,-0.008016403848924325,-0.0,100000.0,94182.2944284327
2025-02-19,3608.76220703125,3784.10009765625,3874.949951171875,3768.14990234375,3872.199951171875,4366672,4018.9799560546876,,-0.02300419669494913,0,0.0,HOLD,-0.02300419669494913,-0.0,100000.0,92015.70640221942
2025-02-20,3604.279541015625,3779.39990234375,3788.0,3751.300048828125,3761.5,2888572,4000.3324462890623,,-0.0012420906400999465,0,0.0,HOLD,-0.0012420906400999465,-0.0,100000.0,91901.41455455504
2025-02-21,3610.57373046875,3786.0,3817.0,3775.0,3776.10009765625,1833931,3986.374951171875,,0.0017463348221384845,0,0.0,HOLD,0.0017463348221384845,0.0,100000.0,92061.90519499544
2025-02-24,3505.289306640625,3675.60009765625,3763.199951171875,3670.0,3743.14990234375,2508516,3968.1399536132812,,-0.02916003759739827,0,0.0,HOLD,-0.02916003759739827,-0.0,100000.0,89377.37657822126
2025-02-25,3461.373046875,3629.550048828125,3658.0,3621.25,3625.0,4101954,3944.6274658203124,,-0.012528579716136412,0,0.0,HOLD,-0.012528579716136412,-0.0,100000.0,88257.60499094188
2025-02-27,3445.16064453125,3612.550048828125,3638.0,3600.699951171875,3611.699951171875,3823856,3920.252478027344,,-0.0046837761626923324,0,0.0,HOLD,-0.0046837761626923324,-0.0,100000.0,87844.22612450899
2025-02-28,3321.851806640625,3483.25,3600.0,3457.0,3584.949951171875,7085018,3888.7949829101562,,-0.03579190518621844,0,0.0,HOLD,-0.03579190518621844,-0.0,100000.0,84700.11391190383
2025-03-03,3331.197509765625,3493.050048828125,3523.25,3476.14990234375,3485.0,4990439,3859.789990234375,,0.0028134784549271874,0,0.0,HOLD,0.0028134784549271874,0.0,100000.0,84938.41585752486
2025-03-04,3368.390869140625,3532.050048828125,3551.0,3464.300048828125,3474.0,2797737,3832.959997558594,,0.011165027541785166,0,0.0,HOLD,0.011165027541785166,0.0,100000.0,85886.75560992972
2025-03-05,3382.695556640625,3547.050048828125,3600.35009765625,3520.85009765625,3520.85009765625,2501894,3804.960009765625,,0.004246825439230939,0,0.0,HOLD,0.004246825439230939,0.0,100000.0,86251.50166854697
2025-03-06,3434.718017578125,3601.60009765625,3609.449951171875,3536.10009765625,3557.0,2786513,3780.485009765625,,0.015378990450430008,0,0.0,HOLD,0.015378990450430008,0.0,100000.0,87577.9626890428
2025-03-07,3443.873046875,3611.199951171875,3625.0,3574.39990234375,3600.0,2051315,3756.907507324219,,0.0026654412636961666,0,0.0,HOLD,0.0026654412636961666,0.0,100000.0,87811.39660458462
2025-03-10,3423.322021484375,3589.64990234375,3622.10009765625,3582.60009765625,3606.5,1004626,3734.9200073242187,,-0.005967559016257673,0,0.0,HOLD,-0.005967559016257673,-0.0,100000.0,87287.37691304676
2025-03-11,3409.636962890625,3575.300048828125,3588.75,3537.64990234375,3558.0,1995450,3711.837512207031,3954.8039892578126,-0.003997563524580916,-1,0.0,SELL,-0.003997563524580916,-0.0,100000.0,86938.44007894282
2025-03-12,3343.73876953125,3506.199951171875,3569.25,3486.85009765625,3565.0,3174167,3688.970007324219,3942.678984375,-0.019327076528555698,-1,-1.0,SELL,-0.019327076528555698,0.019327076528555698,101932.70765285556,85258.17419426383
2025-03-13,3348.36376953125,3511.050048828125,3524.300048828125,3484.10009765625,3502.300048828125,1693004,3667.0150146484375,3929.3849853515626,0.0013832918041736253,-1,-1.0,SELL,0.0013832918041736253,-0.0013832918041736253,101791.70497378214,85376.11112786557
2025-03-17,3335.63232421875,3497.699951171875,3530.449951171875,3477.35009765625,3489.0,2690906,3646.3925170898438,3917.340986328125,-0.0038023091299156375,-1,-1.0,SELL,-0.0038023091299156375,0.0038023091299156375,102178.74850295363,85051.4847610474
2025-03-18,3335.63232421875,3497.699951171875,3497.699951171875,3497.699951171875,3497.699951171875,0,3624.535009765625,3905.3949853515624,0.0,-1,-1.0,SELL,0.0,-0.0,102178.74850295363,85051.4847610474
2025-03-19,3335.060302734375,3497.10009765625,3547.0,3462.75,3547.0,3051244,3604.1650146484376,3894.770986328125,-0.00017149942076188918,-1,-1.0,SELL,-0.00017149942076188918,0.00017149942076188918,102196.27209913607,85036.89848067595
2025-03-20,3398.049560546875,3563.14990234375,3578.949951171875,3512.0,3512.0,2845192,3588.6625122070313,3883.865986328125,0.018887021487250744,-1,-1.0,SELL,0.018887021487250744,-0.018887021487250744,100266.08891208275,86642.99220948963
2025-03-21,3412.30712890625,3578.10009765625,3616.25,3465.0,3475.0,4161925,3578.362512207031,3874.650986328125,0.004195780621709444,-1,-1.0,SELL,0.004195780621709444,-0.004195780621709444,99845.39439921084,87006.52719720913
2025-03-24,3460.80078125,3628.949951171875,3649.75,3566.60009765625,3600.0,1834751,3570.8400146484373,3861.9169873046876,0.014211411678765717,-1,-1.0,SELL,0.014211411678765717,-0.014211411678765717,98426.45039517492,88243.01277394839
2025-03-25,3488.266357421875,3657.75,3710.0,3638.0,3645.0,3135390,3564.4275146484374,3849.2499853515624,0.007936193448693007,-1,-1.0,SELL,0.007936193448693007,-0.007936193448693007,97645.31904437063,88943.32639381793
2025-03-26,3467.333251953125,3635.800048828125,3680.5,3625.85009765625,3647.75,1734499,3562.4375122070314,3837.304990234375,-0.006000943523169933,-1,-1.0,SELL,-0.006000943523169933,0.006000943523169933,98231.28308925782,88409.58251536576
2025-03-27,3482.019775390625,3651.199951171875,3663.0,3610.5,3614.85009765625,2528474,3563.5200073242186,3825.3369873046877,0.004235629610245928,-1,-1.0,SELL,0.004235629610245928,-0.004235629610245928,97815.21175795251,88784.05276089732
2025-03-28,3439.05712890625,3606.14990234375,3660.949951171875,3591.89990234375,3651.0,2051919,3563.2,3813.3339892578124,-0.012338422828272133,-1,-1.0,SELL,-0.012338422828272133,0.012338422828272133,99022.0971996591,87688.59757752575
2025-04-01,3386.27197265625,3550.800048828125,3584.0,3525.0,3572.699951171875,2618493,3566.577502441406,3801.863994140625,-0.015348738963860464,-1,-1.0,SELL,-0.015348738963860464,0.015348738963860464,100541.9615212307,86342.6881832013
2025-04-02,3379.7392578125,3543.949951171875,3564.10009765625,3530.050048828125,3544.0,1764313,3569.1224975585938,3791.1869921875,-0.0019291702044756942,-1,-1.0,SELL,-0.0019291702044756942,0.0019291702044756942,100735.924077697,86176.11844178394
2025-04-03,3245.463134765625,3403.14990234375,3502.0,3396.14990234375,3491.0,4537821,3562.677490234375,3778.53298828125,-0.039729694484417544,-1,-1.0,SELL,-0.039729694484417544,0.039729694484417544,104738.13156490936,82752.36758423888
2025-04-04,3146.520751953125,3299.39990234375,3399.64990234375,3295.5,3362.60009765625,5317367,3550.2949829101562,3761.388984375,-0.030486461947664245,-1,-1.0,SELL,-0.030486461947664245,0.030486461947664245,107931.22662733243,80229.54067880285
2025-04-07,3122.34521484375,3274.050048828125,3291.39990234375,3056.050048828125,3100.0,6623955,3533.91748046875,3743.9609814453124,-0.007683170960154806,-1,-1.0,SELL,-0.007683170960154806,0.007683170960154806,108760.48069344944,79613.12340171292
2025-04-08,3140.369384765625,3292.949951171875,3349.0,3255.300048828125,3302.050048828125,5557558,3518.00498046875,3726.772978515625,0.005772636967023459,-1,-1.0,SELL,0.005772636967023459,-0.005772636967023459,108132.64592204719,80072.70106092184
2025-04-09,3096.167236328125,3246.60009765625,3270.0,3212.050048828125,3260.550048828125,2990265,3500.852490234375,3710.401982421875,-0.014075480709668908,-1,-1.0,SELL,-0.014075480709668908,0.014075480709668908,109654.66489380844,78945.63930176776
2025-04-11,3081.7666015625,3231.5,3298.949951171875,3206.0,3289.550048828125,7108961,3483.662487792969,3694.2259814453123,-0.004651049467765067,-1,-1.0,SELL,-0.004651049467765067,0.004651049467765067,110164.67416460074,78578.45922811089
2025-04-15,3097.69287109375,3248.199951171875,3314.39990234375,3238.60009765625,3314.39990234375,3512160,3470.762487792969,3677.193984375,0.005167863584055299,-1,-1.0,SELL,0.005167863584055299,-0.005167863584055299,109595.35815673618,78984.54198604703
2025-04-16,3122.106689453125,3273.800048828125,3278.10009765625,3229.0,3248.199951171875,2384391,3458.8999877929687,3660.6689892578124,0.007881318281226513,-1,-1.0,SELL,0.007881318281226513,-0.007881318281226513,108731.60225695792,79607.04430073596
2025-04-17,3146.043701171875,3298.89990234375,3303.60009765625,3218.0,3245.5,2932346,3448.9599853515624,3644.3989892578124,0.007666886535910855,-1,-1.0,SELL,0.007666886535910855,-0.007666886535910855,107897.96939958604,80217.38247684893
2025-04-21,3167.69189453125,3321.60009765625,3354.0,3284.10009765625,3290.10009765625,2432946,3440.154992675781,3629.3679931640627,0.006881140981686684,-1,-1.0,SELL,0.006881140981686684,-0.006881140981686684,107155.50826050977,80769.36959485401
2025-04-22,3160.825439453125,3314.39990234375,3333.89990234375,3295.0,3322.60009765625,2710498,3431.019982910156,3614.2829931640626,-0.0021676887948012258,-1,-1.0,SELL,-0.0021676887948012258,0.0021676887948012258,107387.7880550673,80594.28673742009
2025-04-23,3254.856689453125,3413.0,3420.89990234375,3337.300048828125,3365.0,3543923,3423.512487792969,3600.4019970703125,0.02974900451406781,-1,-1.0,SELL,0.02974900451406781,-0.02974900451406781,104193.10826346136,82991.88653737967
2025-04-24,3243.985107421875,3401.60009765625,3412.5,3387.699951171875,3401.10009765625,2252175,3414.6874877929686,3586.6119970703126,-0.0033401413254467993,-1,-1.0,SELL,-0.0033401413254467993,0.0033401413254467993,104541.1279701989,82714.68190747937
2025-04-25,3288.235107421875,3448.0,3477.800048828125,3405.0,3420.0,2742991,3405.639990234375,3573.9169970703124,0.013640610598441683,-1,-1.0,SELL,0.013640610598441683,-0.013640610598441683,103115.12315203555,83842.96067415326
2025-04-28,3283.943603515625,3443.5,3457.800048828125,3405.0,3435.0,1593296,3394.927490234375,3562.1989990234374,-0.0013051044083526309,-1,-1.0,SELL,-0.0013051044083526309,0.0013051044083526309,103249.69915382909,83733.5368565681
2025-04-29,3311.60009765625,3472.5,3495.0,3430.39990234375,3455.0,1578332,3386.762487792969,3550.91,0.00842166400464639,-1,-1.0,SELL,0.00842166400464639,-0.00842166400464639,102380.16487897473,84438.71256989478
2025-04-30,3293.671142578125,3453.699951171875,3509.89990234375,3366.0,3472.0,2809332,3376.887487792969,3540.712998046875,-0.005413980944024455,-1,-1.0,SELL,-0.005413980944024455,0.005413980944024455,102934.44914067557,83981.5629891034
2025-05-02,3272.02294921875,3431.0,3491.5,3420.0,3472.0,1721761,3368.129992675781,3530.33,-0.006572647158932465,-1,-1.0,SELL,-0.006572647158932465,0.006572647158932465,103611.00095537632,83429.58180772036
2025-05-05,3294.2431640625,3454.300048828125,3504.5,3446.39990234375,3450.0,1284443,3363.3049926757812,3521.2130029296877,0.0067910372568129596,-1,-1.0,SELL,0.0067910372568129596,-0.0067910372568129596,102907.37478767267,83996.15520609693
2025-05-06,3299.67919921875,3460.0,3473.0,3437.0,3460.0,1324763,3359.1074951171877,3511.7160009765626,0.0016501030863860233,-1,-1.0,SELL,0.0016501030863860233,-0.0016501030863860233,102737.56701092365,84134.75752104707
2025-05-07,3285.469482421875,3445.10009765625,3459.5,3420.60009765625,3420.60009765625,1477128,3361.2050048828123,3502.5280029296873,-0.004306330157153204,-1,-1.0,SELL,-0.004306330157153204,0.004306330157153204,103179.98889401535,83772.4454774694
2025-05-08,3289.09326171875,3448.89990234375,3477.0,3428.699951171875,3448.0,2543591,3368.6800048828127,3494.042001953125,0.0011029591535192118,-1,-1.0,SELL,0.0011029591535192118,-0.0011029591535192118,103066.18558080467,83864.84306302147
2025-05-09,3280.89208984375,3440.300048828125,3446.199951171875,3398.10009765625,3399.0,2531757,3376.9925048828127,3487.1660009765624,-0.002493506265514034,-1,-1.0,SELL,-0.002493506265514034,0.002493506265514034,103323.18176031303,83655.72555138747
2025-05-12,3452.64697265625,3620.39990234375,3630.5,3502.199951171875,3505.0,2228678,3393.3650024414064,3483.9860009765625,0.05235004242637875,-1,-1.0,SELL,0.05235004242637875,-0.05235004242637875,97914.2088115322,88035.1063332121
2025-05-13,3352.130615234375,3515.0,3623.0,3510.5,3620.39990234375,3062887,3406.7849975585937,3478.5660009765625,-0.029112779026294056,-1,-1.0,SELL,-0.029112779026294056,0.029112779026294056,100764.76353619677,85472.159735977
2025-05-14,3384.269287109375,3548.699951171875,3561.0,3508.60009765625,3521.0,2119499,3422.6449951171876,3476.027998046875,0.00958746832770263,-1,-1.0,SELL,0.00958746832770263,-0.00958746832770263,99798.68455724503,86291.62136034602
2025-05-15,3414.0234375,3579.89990234375,3600.0,3514.10009765625,3564.0,3548330,3439.2299926757814,3475.0349951171875,0.008791938343948091,-1,-1.0,SELL,0.008791938343948091,-0.008791938343948091,98921.26067581061,87050.29197494549
2025-05-16,3396.285400390625,3561.300048828125,3593.89990234375,3546.10009765625,3593.89990234375,1666727,3453.6049926757814,3474.0099951171874,-0.0051956350800332896,-1,-1.0,SELL,-0.0051956350800332896,0.0051956350800332896,99435.21944793897,86598.01042423333
2025-05-19,3355.754638671875,3518.800048828125,3550.0,3503.699951171875,3550.0,2537377,3464.6,3474.72099609375,-0.011933844219047196,-1,-1.0,SELL,-0.011933844219047196,0.011933844219047196,100621.86386671744,85564.5632581511
2025-05-20,3336.20458984375,3498.300048828125,3558.0,3494.0,3531.800048828125,2038374,3473.4349975585938,3474.82599609375,-0.005825849640654357,-1,-1.0,SELL,-0.005825849640654357,0.005825849640654357,101208.07171616732,85066.07697804086
2025-05-21,3362.43017578125,3525.800048828125,3537.0,3498.300048828125,3508.0,1440153,3484.0050048828125,3474.70099609375,0.007860960928497862,1,-1.0,BUY,0.007860960928497862,-0.007860960928497862,100412.47901875792,85734.77808550584
2025-05-22,3315.891357421875,3477.0,3497.800048828125,3451.300048828125,3495.0,2034383,3487.2050048828123,3473.2999951171873,-0.013840844106955186,1,1.0,BUY,-0.013840844106955186,-0.013840844106955186,99022.68555026638,84548.13638747996
2025-05-23,3351.749267578125,3514.60009765625,3535.0,3465.60009765625,3477.0,1274331,3492.8550048828124,3471.5599951171876,0.01081394813236991,1,1.0,BUY,0.01081394813236991,0.01081394813236991,100093.51173573494,85462.4355490627
2025-05-26,3373.397216796875,3537.300048828125,3545.0,3510.10009765625,3521.0,967470,3497.3200073242188,3470.0819970703124,0.0064587579073398516,1,1.0,BUY,0.0064587579073398516,0.0064587579073398516,100739.99149613154,86014.41673044574
2025-05-27,3336.5859375,3498.699951171875,3540.0,3483.10009765625,3532.0,2467680,3500.0800048828123,3468.262998046875,-0.010912305182885995,1,1.0,BUY,-0.010912305182885995,-0.010912305182885995,99640.6859648044,85075.80116495516
2025-05-28,3335.63232421875,3497.699951171875,3529.0,3493.0,3520.0,1222933,3501.3400024414063,3466.71099609375,-0.00028582045158376257,1,1.0,BUY,-0.00028582045158376257,-0.00028582045158376257,99612.20661894581,85051.48476104735
2025-05-29,3336.013916015625,3498.10009765625,3532.5,3486.5,3504.699951171875,3188072,3503.560009765625,3466.5489990234373,0.000114402747508624,1,1.0,BUY,0.000114402747508624,0.000114402747508624,99623.60252906842,85061.21488458371
2025-05-30,3302.921630859375,3463.39990234375,3506.699951171875,3453.10009765625,3490.0,3404365,3505.1800048828127,3465.59599609375,-0.009919726235321114,1,1.0,BUY,-0.009919726235321114,-0.009919726235321114,98635.36366540362,84217.4309196848
2025-06-02,3289.951904296875,3449.800048828125,3460.0,3418.60009765625,3450.0,1877585,3504.9550048828123,3464.637998046875,-0.003926734971154144,1,1.0,BUY,-0.003926734971154144,-0.003926734971154144,98248.04873350618,83886.73138851173
2025-06-03,3247.418212890625,3405.199951171875,3473.5,3400.5,3446.0,2848125,3502.2150024414063,3462.787998046875,-0.012928313822536008,1,1.0,BUY,-0.012928313822536008,-0.012928313822536008,96977.8671270276,82802.21739957426
2025-06-04,3252.90234375,3380.89990234375,3394.800048828125,3370.0,3389.0,2544807,3499.004992675781,3460.463994140625,-0.007136159161450162,1,1.0,BUY,-0.007136159161450162,-0.007136159161450162,96285.81763207116,82211.32759728991
2025-06-05,3243.4736328125,3371.10009765625,3409.0,3363.699951171875,3409.0,3584683,3495.1150024414064,3456.622998046875,-0.0028985787720915424,1,1.0,BUY,-0.0028985787720915424,-0.0028985787720915424,96006.72560502937,81973.03158829093
2025-06-06,3256.07763671875,3384.199951171875,3390.89990234375,3358.699951171875,3371.10009765625,2070390,3492.3099975585938,3452.7449951171875,0.0038859283723828852,1,1.0,BUY,0.0038859283723828852,0.0038859283723828852,96379.80086399752,82291.57291751012
2025-06-09,3292.35009765625,3421.89990234375,3434.0,3390.89990234375,3400.0,1718678,3482.3849975585936,3448.603994140625,0.011139989278358131,1,1.0,BUY,0.011139989278358131,0.011139989278358131,97453.47081227275,83208.30015751041
2025-06-10,3331.798095703125,3462.89990234375,3485.800048828125,3423.199951171875,3440.0,2419874,3479.779992675781,3444.7069921875,0.011981647964605324,1,1.0,BUY,0.011981647964605324,0.011981647964605324,98621.12399247434,84205.2727177309
2025-06-11,3340.457275390625,3471.89990234375,3489.0,3449.10009765625,3470.0,2847013,3475.939990234375,3441.4289892578126,0.0025989778087169846,1,1.0,BUY,0.0025989778087169846,0.0025989778087169846,98877.4381052015,84424.12035290126
2025-06-12,3304.1845703125,3434.199951171875,3474.699951171875,3423.199951171875,3471.89990234375,4060134,3468.654992675781,3437.0889892578125,-0.010858593920413773,1,1.0,BUY,-0.010858593920413773,-0.010858593920413773,97803.76815692626,83507.39311290096
2025-06-13,3315.249267578125,3445.699951171875,3450.5,3393.199951171875,3393.199951171875,2178493,3462.8749877929686,3433.879990234375,0.003348669315563768,1,1.0,BUY,0.003348669315563768,0.003348669315563768,98131.28063429988,83787.03175784086
2025-06-16,3363.93359375,3496.300048828125,3509.0,3426.199951171875,3440.0,1934088,3461.7499877929686,3432.789990234375,0.014684998221926149,1,1.0,BUY,0.014684998221926149,0.014684998221926149,99572.33831592991,85017.44417022522
2025-06-17,3382.214599609375,3515.300048828125,3520.0,3488.10009765625,3510.0,2111940,3462.599987792969,3432.2169921875,0.005434316201313516,1,1.0,BUY,0.005434316201313516,0.005434316201313516,100113.44588724285,85479.45584447373
2025-06-18,3320.7333984375,3451.39990234375,3538.0,3443.10009765625,3519.10009765625,2696327,3458.87998046875,3433.1819921875,-0.01817772184359545,1,1.0,BUY,-0.01817772184359545,-0.01817772184359545,98293.6115151007,83925.634072791
2025-06-19,3294.37109375,3424.0,3451.0,3413.0,3450.0,2672768,3456.22998046875,3435.673994140625,-0.007938779370406657,1,1.0,BUY,-0.007938779370406657,-0.007938779370406657,97513.28021976186,83259.36698036562
2025-06-20,3305.627685546875,3435.699951171875,3446.300048828125,3410.89990234375,3425.0,2351248,3452.2849731445312,3438.9069921875,0.003417041814215871,1,1.0,BUY,0.003417041814215871,0.003417041814215871,97846.48717571414,83543.86771876267
2025-06-23,3265.121826171875,3393.60009765625,3425.0,3370.0,3415.0,3123421,3445.0999755859375,3440.9199951171877,-0.012253646742715452,1,1.0,BUY,-0.012253646742715452,-0.012253646742715452,96647.5108868473,82520.15067621681
2025-06-24,3262.04296875,3390.39990234375,3442.10009765625,3382.0,3434.60009765625,3403048,3439.6849731445313,3443.7959912109377,-0.0009430089640527495,-1,1.0,SELL,-0.0009430089640527495,-0.0009430089640527495,96556.37141772761,82442.33343441415
2025-06-25,3314.38330078125,3444.800048828125,3450.0,3400.0,3407.300048828125,1757699,3437.0399780273438,3448.0619921875,0.016045348056660913,-1,-1.0,SELL,0.016045348056660913,-0.016045348056660913,95007.09083124195,83765.14936897262
2025-06-26,3311.496826171875,3441.800048828125,3451.39990234375,3415.300048828125,3444.800048828125,2879106,3434.2249755859375,3451.933994140625,-0.0008708778325233757,-1,-1.0,SELL,-0.0008708778325233757,0.0008708778325233757,95089.83040057942,83692.20015724916
2025-06-27,3310.823486328125,3441.10009765625,3466.39990234375,3431.0,3455.0,1778433,3433.1099853515625,3455.2799951171874,-0.0002033677616203322,-1,-1.0,SELL,-0.0002033677616203322,0.0002033677616203322,95109.16860654084,83675.1798618381
2025-06-30,3330.93212890625,3462.0,3464.89990234375,3430.0,3439.89990234375,1468351,3433.7199829101564,3458.5419970703124,0.006073610691530007,-1,-1.0,SELL,0.006073610691530007,-0.006073610691530007,94531.51254322962,84183.39032886266
2025-07-01,3299.85498046875,3429.699951171875,3485.0,3413.5,3455.0,2375183,3434.9449829101563,3460.703994140625,-0.009329881232849502,-1,-1.0,SELL,-0.009329881232849502,0.009329881232849502,95413.48032801958,83397.96929531576
2025-07-02,3293.697265625,3423.300048828125,3489.89990234375,3420.0,3487.199951171875,3090585,3437.064990234375,3462.8819970703125,-0.0018660239772763099,-1,-1.0,SELL,-0.0018660239772763099,0.0018660239772763099,95591.52417006704,83242.34668495455
2025-07-03,3272.04931640625,3400.800048828125,3435.300048828125,3397.60009765625,3430.0,2531870,3438.5499877929688,3462.637998046875,-0.0065726052870248575,-1,-1.0,SELL,-0.0065726052870248575,0.0065726052870248575,96219.80952722198,82695.22759702866
2025-07-04,3290.329833984375,3419.800048828125,3427.0,3390.10009765625,3408.0,1109320,3440.3299926757813,3463.0019970703124,0.005586920644319315,-1,-1.0,SELL,0.005586920644319315,-0.005586920644319315,95682.23708698187,83157.23927127718
2025-07-07,3282.536376953125,3411.699951171875,3426.10009765625,3408.39990234375,3418.300048828125,1639174,3439.8199951171873,3462.27599609375,-0.0023685880871969767,-1,-1.0,SELL,-0.0023685880871969767,0.0023685880871969767,95908.86889390244,82960.27402497505
2025-07-08,3277.24462890625,3406.199951171875,3425.0,3393.39990234375,3405.0,2325242,3436.984997558594,3461.5299951171874,-0.0016120995628912116,-1,-1.0,SELL,-0.0016120995628912116,0.0016120995628912116,96063.4835395237,82826.53380348205
2025-07-09,3255.692626953125,3383.800048828125,3414.0,3367.0,3410.0,2034938,3432.5800048828123,3459.75599609375,-0.0065762147451278175,-1,-1.0,SELL,-0.0065762147451278175,0.0065762147451278175,96695.21763644465,82281.84873059577
2025-07-10,3253.960693359375,3382.0,3399.0,3356.0,3380.0,3035012,3429.970007324219,3458.3219970703126,-0.0005319607548172067,-1,-1.0,SELL,-0.0005319607548172067,0.0005319607548172067,96746.65569740573,82238.07801623728
2025-07-11,3142.352294921875,3266.0,3335.0,3261.10009765625,3299.89990234375,7635550,3420.985009765625,3455.0219970703124,-0.0342992312241277,-1,-1.0,SELL,-0.0342992312241277,0.0342992312241277,100064.99161133214,79417.3751629305
2025-07-14,3100.691650390625,3222.699951171875,3272.0,3200.0,3266.0,3924009,3407.3050048828127,3450.3899951171875,-0.013257822666296715,-1,-1.0,SELL,-0.013257822666296715,0.013257822666296715,101391.63552521964,78364.47368639761
2025-07-15,3129.1708984375,3252.300048828125,3259.39990234375,3206.0,3206.0,2590889,3394.1550048828126,3446.23599609375,0.009184875447522334,-1,-1.0,SELL,0.009184875447522334,-0.009184875447522334,100460.36598149993,79084.24161671782
2025-07-16,3121.255126953125,3233.10009765625,3244.89990234375,3220.60009765625,3227.0,2540733,3383.2400146484374,3441.99599609375,-0.005903499333892337,-1,-1.0,SELL,-0.005903499333892337,0.005903499333892337,101053.43368515429,78617.36784901214
2025-07-17,3098.181396484375,3209.199951171875,3242.0,3204.10009765625,3224.10009765625,2947640,3372.5000122070314,3437.2019970703127,-0.007392331125689822,-1,-1.0,SELL,-0.007392331125689822,0.007392331125689822,101800.45412834288,78036.20223364208
2025-07-18,3079.549072265625,3189.89990234375,3228.800048828125,3187.0,3225.0,3432645,3360.210009765625,3432.193994140625,-0.006013975171935693,-1,-1.0,SELL,-0.006013975171935693,0.006013975171935693,102412.67953196251,77566.89445089681
2025-07-21,3048.94580078125,3158.199951171875,3197.60009765625,3152.0,3190.0,3844346,3348.4400024414062,3422.9499951171874,-0.009937600596364726,-1,-1.0,SELL,-0.009937600596364726,0.009937600596364726,103430.41583715464,76796.06563434341
2025-07-22,3050.29736328125,3159.60009765625,3180.10009765625,3154.60009765625,3159.60009765625,3198036,3336.900012207031,3415.8419970703126,0.00044333687100950314,-1,-1.0,SELL,0.00044333687100950314,-0.00044333687100950314,103384.56132023019,76830.11216178758
2025-07-23,3069.122802734375,3179.10009765625,3182.0,3157.60009765625,3159.60009765625,1922875,3323.6150146484374,3408.45,0.0061716671089055986,-1,-1.0,SELL,0.0061716671089055986,-0.0061716671089055986,102746.50622356149,77304.28203799001
2025-07-24,3039.0986328125,3148.0,3173.699951171875,3140.0,3165.10009765625,2934778,3308.925012207031,3399.812001953125,-0.009782673304051692,-1,-1.0,SELL,-0.009782673304051692,0.009782673304051692,103751.64172707929,76548.03950180809
2025-07-25,3027.32080078125,3135.800048828125,3156.89990234375,3125.60009765625,3140.0,2568917,3293.660009765625,3391.302001953125,-0.003875460982171175,-1,-1.0,SELL,-0.003875460982171175,0.003875460982171175,104153.72716642878,76251.38056145713
2025-07-28,2972.775390625,3079.300048828125,3118.0,3069.89990234375,3110.0,3374473,3274.525012207031,3382.512001953125,-0.018017730442065227,-1,-1.0,SELL,-0.018017730442065227,0.018017730442065227,106030.3409470499,74877.50374066546
2025-07-29,2950.281494140625,3056.0,3074.0,3041.199951171875,3060.0,4785312,3255.8400146484373,3373.6660009765624,-0.007566670496105821,-1,-1.0,SELL,-0.007566670496105821,0.007566670496105821,106832.63759958601,74310.93034228892
2025-07-30,2947.96435546875,3053.60009765625,3069.0,3047.199951171875,3060.0,2880121,3237.355017089844,3364.222001953125,-0.0007853083585569465,-1,-1.0,SELL,-0.0007853083585569465,0.0007853083585569465,106916.53416285965,74252.57334755897
2025-07-31,2931.74560546875,3036.800048828125,3059.800048828125,3015.0,3041.699951171875,2968371,3219.1550170898436,3355.4180029296876,-0.005501718722441651,-1,-1.0,SELL,-0.005501718722441651,0.005501718722441651,107504.75886060203,73844.05657458323
2025-08-01,2899.114990234375,3003.0,3036.800048828125,3000.0,3029.89990234375,2053847,3198.3150146484377,3345.1860009765624,-0.011130152886150046,-1,-1.0,SELL,-0.011130152886150046,0.011130152886150046,108701.30326270922,73022.1609351746
2025-08-04,2968.044677734375,3074.39990234375,3079.39990234375,2991.60009765625,3009.10009765625,2519252,3181.4500122070312,3335.927998046875,0.023776191256660084,-1,-1.0,SELL,0.023776191256660084,-0.023776191256660084,106116.80028648682,74758.34979954394
2025-08-05,2957.907958984375,3063.89990234375,3077.5,3042.0,3074.39990234375,1927996,3164.335009765625,3327.2319970703124,-0.0034153006549327847,-1,-1.0,SELL,-0.0034153006549327847,0.0034153006549327847,106479.22106400465,74503.02755851187
2025-08-06,2927.401123046875,3032.300048828125,3066.800048828125,3026.0,3063.0,1487081,3146.760009765625,3317.9239990234373,-0.010313605053302366,-1,-1.0,SELL,-0.010313605053302366,0.010313605053302366,107577.40569644207,73734.63275699806
2025-08-07,2941.5927734375,3047.0,3051.60009765625,3010.89990234375,3016.0,2543076,3130.010009765625,3308.9019970703125,0.004847789115577816,-1,-1.0,SELL,0.004847789115577816,-0.004847789115577816,107055.89312002478,74092.08270711856
2025-08-08,2931.359375,3036.39990234375,3059.800048828125,3025.0,3048.10009765625,2762140,3118.5300048828126,3300.3619970703126,-0.0034788636876436074,-1,-1.0,SELL,-0.0034788636876436074,0.0034788636876436074,107428.32597914827,73834.32645104689
2025-08-11,2935.607177734375,3040.800048828125,3049.89990234375,3021.300048828125,3036.39990234375,1884215,3109.435009765625,3292.1819970703127,0.0014491327314885005,-1,-1.0,SELL,0.0014491327314885005,-0.0014491327314885005,107272.64807568287,73941.3221902145
2025-08-12,2930.393798828125,3035.39990234375,3096.39990234375,3026.89990234375,3041.0,3358232,3098.5900024414063,3284.78599609375,-0.0017758966053871283,-1,-1.0,SELL,-0.0017758966053871283,0.0017758966053871283,107463.15320725135,73810.01004713906
2025-08-13,2931.166259765625,3036.199951171875,3044.39990234375,3028.60009765625,3036.10009765625,2148166,3088.7449951171875,3277.8919970703123,0.00026357279233857334,-1,-1.0,SELL,0.00026357279233857334,-0.00026357279233857334,107434.828843887,73829.46435758972
2025-08-14,2917.7470703125,3022.300048828125,3055.89990234375,3019.10009765625,3034.0,3342174,3079.4,3270.91599609375,-0.0045780589444990305,-1,-1.0,SELL,-0.0045780589444990305,0.0045780589444990305,107926.67182302648,73491.46871791988
2025-08-18,2907.03125,3011.199951171875,3049.0,3003.39990234375,3046.5,2945609,3070.4650024414063,3263.45599609375,-0.003672731852204403,-1,-1.0,SELL,-0.003672731852204403,0.003672731852204403,108323.05754833334,73221.5542598943
2025-08-19,2911.8583984375,3016.199951171875,3025.0,3011.10009765625,3011.199951171875,2650784,3063.3650024414064,3255.3419970703126,0.001660467614597927,-1,-1.0,SELL,0.001660467614597927,-0.001660467614597927,108143.1906193601,73343.13627943337
2025-08-20,2991.407470703125,3098.60009765625,3103.39990234375,3010.89990234375,3010.89990234375,4952358,3060.3150024414062,3248.0560009765627,0.02731919230101454,-1,-1.0,SELL,0.02731919230101454,-0.02731919230101454,105188.80599878453,75346.81152341072
2025-08-21,2995.269287109375,3102.60009765625,3130.0,3083.10009765625,3130.0,3230726,3056.4900024414064,3240.6700048828125,0.0012909055295731164,-1,-1.0,SELL,0.0012909055295731164,-0.0012909055295731164,105053.01718747152,75444.077139042
2025-08-22,2948.350341796875,3054.0,3095.699951171875,3050.0,3086.0,1593791,3051.790002441406,3233.066005859375,-0.015664312552869153,-1,-1.0,SELL,-0.015664312552869153,0.015664312552869153,106698.60048331799,74262.29753447327
2025-08-25,3031.954833984375,3140.60009765625,3152.0,3077.10009765625,3087.300048828125,3448370,3052.0300048828126,3226.9640087890625,0.028356286069499026,-1,-1.0,SELL,0.028356286069499026,-0.028356286069499026,103673.02444479782,76368.10048753905
2025-08-26,3047.980224609375,3157.199951171875,3162.0,3120.0,3129.0,5522097,3055.925,3220.1820068359375,0.005285567407328662,-1,-1.0,SELL,0.005285567407328662,-0.005285567407328662,103125.05368577321,76771.74923043558
2025-08-28,2986.67724609375,3093.699951171875,3146.5,3086.5,3145.0,3116051,3057.8099975585938,3211.7500048828124,-0.02011275845118088,-1,-1.0,SELL,-0.02011275845118088,0.02011275845118088,105199.18298082023,75227.6575822892
2025-08-29,2977.988525390625,3084.699951171875,3115.0,3077.199951171875,3093.0,2271789,3059.364990234375,3204.416005859375,-0.0029091379713765964,-1,-1.0,SELL,-0.0029091379713765964,0.0029091379713765964,105505.22191858753,75008.80994711885
2025-09-01,3004.92333984375,3112.60009765625,3131.10009765625,3090.0,3090.0,1246862,3063.154992675781,3198.1880078125,0.009044687303793042,-1,-1.0,SELL,0.009044687303793042,-0.009044687303793042,104550.96017741661,75687.24117812018
2025-09-02,3003.861572265625,3111.5,3155.0,3103.10009765625,3121.10009765625,2185229,3068.5799926757813,3191.7040087890623,-0.00035343366373286056,-1,-1.0,SELL,-0.00035343366373286056,0.00035343366373286056,104587.91200631892,75660.49075917275
2025-09-03,2990.345703125,3097.5,3141.89990234375,3088.0,3129.89990234375,1799774,3069.734997558594,3185.7820068359374,-0.004499437570303688,-1,-1.0,SELL,-0.004499437570303688,0.004499437570303688,105058.49878699976,75320.06110446333
2025-09-04,2988.60791015625,3095.699951171875,3118.0,3090.800048828125,3116.0,1481391,3071.325,3179.8880078125,-0.0005811295651735326,-1,-1.0,SELL,-0.0005811295651735326,0.0005811295651735326,105119.55138671765,75276.29039010484
2025-09-05,2942.847900390625,3048.300048828125,3103.39990234375,3028.60009765625,3097.10009765625,2802055,3072.125,3171.9580078125,-0.015311529893524356,-1,-1.0,SELL,-0.015311529893524356,0.015311529893524356,106729.09254016922,74123.69521952313
2025-09-08,2914.561279296875,3019.0,3064.89990234375,3016.0,3050.0,2626187,3070.725,3163.5020068359377,-0.009611930701962534,-1,-1.0,SELL,-0.009611930701962534,0.009611930701962534,107754.96518154867,73411.2233976997
2025-09-09,2943.909423828125,3049.39990234375,3060.0,3030.800048828125,3032.10009765625,2489301,3071.375,3155.6680029296876,0.010069527109556109,-1,-1.0,SELL,0.010069527109556109,-0.010069527109556109,106669.92363846379,74150.4397018485
2025-09-10,3002.413330078125,3110.0,3122.699951171875,3053.39990234375,3056.39990234375,2079428,3074.834997558594,3148.6280029296877,0.019872794515954917,-1,-1.0,SELL,0.019872794515954917,-0.019872794515954917,104550.09416496399,75624.01615331105
2025-09-11,3016.1220703125,3124.199951171875,3139.0,3110.10009765625,3139.0,2263446,3079.275,3142.5180029296876,0.0045659006983520545,-1,-1.0,SELL,0.0045659006983520545,-0.0045659006983520545,104072.7288170034,75969.30790147763
2025-09-12,3025.00390625,3133.39990234375,3148.699951171875,3121.0,3144.0,1447167,3084.1349975585936,3136.72,0.0029447382740097616,-1,-1.0,SELL,0.0029447382740097616,-0.0029447382740097616,103766.26186917533,76193.01763010514
2025-09-15,3004.24755859375,3111.89990234375,3134.0,3096.0,3134.0,1732539,3088.614990234375,3130.9419970703125,-0.006861556350952314,-1,-1.0,SELL,-0.006861556350952314,0.006861556350952314,104478.25992231834,75670.21494608707
2025-09-16,3036.87841796875,3145.699951171875,3150.0,3109.10009765625,3128.0,2573429,3095.339990234375,3125.4599951171876,0.010861547571844543,-1,-1.0,SELL,0.010861547571844543,-0.010861547571844543,103343.46433194855,76492.11058549571
2025-09-17,3063.041015625,3172.800048828125,3182.39990234375,3142.39990234375,3152.0,2418271,3103.1699951171877,3120.6819970703127,0.008614965850813006,-1,-1.0,SELL,0.008614965850813006,-0.008614965850813006,102453.16391582409,77151.08750604637
2025-09-18,3066.805908203125,3176.699951171875,3203.0,3161.39990234375,3185.0,2633138,3107.074987792969,3116.0919970703126,0.0012291673864510688,-1,-1.0,SELL,0.0012291673864510688,-0.0012291673864510688,102327.23182810003,77245.91910663803
2025-09-19,3059.565185546875,3169.199951171875,3180.5,3144.0,3170.0,4901694,3110.40498046875,3111.7999951171873,-0.0023609406350239004,-1,-1.0,SELL,-0.0023609406350239004,0.0023609406350239004,102568.82034779253,77063.54607732939
2025-09-22,2967.465576171875,3073.800048828125,3106.89990234375,3065.0,3095.0,3634901,3111.394982910156,3105.63599609375,-0.030102203651894532,1,-1.0,BUY,-0.030102203651894532,0.030102203651894532,105656.36786623638,74743.76351917247
2025-09-23,2956.4599609375,3062.39990234375,3080.699951171875,3052.0,3070.0,3177741,3107.484973144531,3101.563994140625,-0.0037088119927388696,1,1.0,BUY,-0.0037088119927388696,-0.0037088119927388696,105264.50826198485,74466.55295265012
2025-09-24,2930.393798828125,3035.39990234375,3057.0,3033.0,3050.0,1625714,3101.394970703125,3097.8179931640625,-0.008816614701213976,1,1.0,BUY,-0.008816614701213976,-0.008816614701213976,104336.43165092618,73810.01004713906
2025-09-25,2855.092529296875,2957.39990234375,3029.60009765625,2951.0,3022.0,4974361,3094.579968261719,3091.919990234375,-0.025696778846099666,1,1.0,BUY,-0.025696778846099666,-0.025696778846099666,101655.32144120116,71913.33054232934
2025-09-26,2798.80908203125,2899.10009765625,2954.800048828125,2891.300048828125,2941.0,3934636,3085.2999755859373,3085.239990234375,-0.019713196257732046,1,1.0,BUY,-0.019713196257732046,-0.019713196257732046,99651.37013898791,70495.68894380124
2025-09-29,2795.912841796875,2896.10009765625,2929.300048828125,2894.0,2916.0,3110035,3074.4749755859375,3078.9779931640624,-0.0010348038698027029,-1,1.0,SELL,-0.0010348038698027029,-0.0010348038698027029,99548.25051553696,70422.73973207778
2025-09-30,2788.479248046875,2888.39990234375,2915.300048828125,2885.10009765625,2911.0,2253458,3063.319970703125,3072.9479931640626,-0.0026588153215876265,-1,-1.0,SELL,-0.0026588153215876265,0.0026588153215876265,99812.9309292449,70235.49867268997
2025-10-01,2813.38671875,2914.199951171875,2924.800048828125,2866.60009765625,2891.0,1952902,3054.1549682617188,3068.0679931640625,0.00893229805443152,-1,-1.0,SELL,0.00893229805443152,-0.00893229805443152,98921.3720804985,70862.86308083606
2025-10-03,2801.51220703125,2901.89990234375,2924.0,2891.10009765625,2924.0,2899519,3044.4649658203125,3062.9139892578123,-0.004220729199854278,-1,-1.0,SELL,-0.004220729199854278,0.004220729199854278,99338.89240412832,70563.7701254455
2025-10-06,2885.019775390625,2988.39990234375,2993.60009765625,2895.60009765625,2902.0,2112774,3041.4699584960936,3059.0999853515623,0.029808057793494935,-1,-1.0,SELL,0.029808057793494935,-0.029808057793494935,96377.79295820429,72667.13906347168
2025-10-07,2870.828369140625,2973.699951171875,3004.5,2955.5,2995.0,3062943,3039.2049560546875,3055.613984375,-0.004919004033009822,-1,-1.0,SELL,-0.004919004033009822,0.004919004033009822,96851.87571045828,72309.68911335117
2025-10-08,2922.4775390625,3027.199951171875,3043.0,2968.0,2975.0,4121889,3038.0949584960936,3053.441982421875,0.01799105521016564,-1,-1.0,SELL,0.01799105521016564,-0.01799105521016564,95109.40826734331,73610.61672241939
2025-10-09,2955.783935546875,3061.699951171875,3066.0,3020.0,3034.0,3211304,3035.6799560546874,3053.08998046875,0.011396670374100859,-1,-1.0,SELL,0.011396670374100859,-0.011396670374100859,94025.47769184463,74449.53265723908
2025-10-10,2923.539794921875,3028.300048828125,3070.0,3006.89990234375,3050.0,8817365,3030.8849609375,3052.5359814453127,-0.010908940417550084,-1,-1.0,SELL,-0.010908940417550084,0.010908940417550084,95051.19602571665,73637.36714136682
2025-10-13,2903.169677734375,3007.199951171875,3035.5,2998.199951171875,3027.0,2866865,3024.5749633789064,3051.607978515625,-0.006967637722825826,-1,-1.0,SELL,-0.006967637722825826,0.006967637722825826,95713.47832474516,73124.28864426306
2025-10-14,2857.89208984375,2960.300048828125,3027.199951171875,2955.5,3021.0,3611416,3016.994970703125,3050.077978515625,-0.01559587094482151,-1,-1.0,SELL,-0.01559587094482151,0.01559587094482151,97206.21338037784,71983.85167563526
2025-10-15,2877.756591796875,2969.800048828125,2979.699951171875,2951.0,2971.0,4282226,3008.1999755859374,3049.4139794921875,0.003209134156438198,-1,-1.0,SELL,0.003209134156438198,-0.003209134156438198,96894.26560080085,72214.85751275952
2025-10-16,2878.628662109375,2970.699951171875,2975.0,2943.10009765625,2969.89990234375,3251495,2998.094970703125,3047.33998046875,0.00030301782239683384,-1,-1.0,SELL,0.00030301782239683384,-0.00030301782239683384,96864.90491143575,72236.73990162773
2025-10-17,2870.391845703125,2962.199951171875,2988.800048828125,2955.39990234375,2970.0,4374683,2987.369970703125,3045.3059814453127,-0.002861278533581646,-1,-1.0,SELL,-0.002861278533581646,0.002861278533581646,97142.06238451628,72030.05046841128
2025-10-20,2921.749267578125,3015.199951171875,3023.0,2978.5,2985.5,3133039,2979.669970703125,3044.9639794921877,0.017892107512537336,-1,-1.0,SELL,0.017892107512537336,-0.017892107512537336,95403.98616034289,73318.8198755256
2025-10-21,2913.512939453125,3006.699951171875,3031.800048828125,2996.0,3031.10009765625,310644,2976.3149658203124,3044.157978515625,-0.00281905019157902,-1,-1.0,SELL,-0.00281905019157902,0.00281905019157902,95672.93478580561,73112.13044230915
2025-10-23,2977.95166015625,3073.199951171875,3098.0,3036.10009765625,3055.0,5564758,2976.8549682617186,3044.8939794921876,0.02211727178632561,-1,-1.0,SELL,0.02211727178632561,-0.02211727178632561,93556.91048455253,74729.17130217899
2025-10-24,2968.26171875,3063.199951171875,3090.0,3058.300048828125,3080.0,2684318,2978.244970703125,3045.3419775390626,-0.003253937315789268,-1,-1.0,SELL,-0.003253937315789268,0.003253937315789268,93861.33880672819,74486.00726310082
2025-10-27,2989.2890625,3084.89990234375,3094.199951171875,3060.199951171875,3066.5,1946312,2984.619970703125,3046.3319775390623,0.007084079236673091,-1,-1.0,SELL,0.007084079236673091,-0.007084079236673091,93196.4176453611,75013.67204057604
2025-10-28,2963.1259765625,3057.89990234375,3090.199951171875,3040.199951171875,3076.0,3470737,2992.5599609375,3046.7659765625,-0.008752309914330403,-1,-1.0,SELL,-0.008752309914330403,0.008752309914330403,94012.10157549869,74357.12913506498
2025-10-29,2962.83544921875,3057.60009765625,3076.0,3046.10009765625,3057.89990234375,2895420,3000.6349609375,3047.4719775390627,-9.804267538982003e-05,-1,-1.0,SELL,-9.804267538982003e-05,9.804267538982003e-05,94021.31877345617,74349.83896319027
2025-10-30,2941.2265625,3035.300048828125,3063.800048828125,3032.800048828125,3049.10009765625,2241536,3007.9799682617186,3047.9539794921875,-0.007293317672647515,-1,-1.0,SELL,-0.007293317672647515,0.007293317672647515,94707.04611927224,73807.58196872154
2025-10-31,2963.222900390625,3058.0,3067.39990234375,3025.10009765625,3035.0,1868085,3015.169970703125,3048.78998046875,0.0074786514699392015,-1,-1.0,SELL,0.0074786514699392015,-0.0074786514699392015,93998.76512959875,74359.56315010457
2025-11-03,2923.300048828125,3016.800048828125,3058.0,3010.0,3046.89990234375,2194877,3020.9149780273438,3047.1539794921873,-0.013472842109834904,-1,-1.0,SELL,-0.013472842109834904,0.013472842109834904,95265.19565070928,73357.7284964269
2025-11-04,2897.524169921875,2990.199951171875,3029.300048828125,2976.0,3019.60009765625,2670720,3021.00498046875,3044.9059765625,-0.008817322071637768,-1,-1.0,SELL,-0.008817322071637768,0.008817322071637768,96105.17956297919,72710.90977783015
2025-11-06,2917.58251953125,3010.89990234375,3024.0,2990.0,2990.10009765625,2542721,3022.8649780273436,3044.043974609375,0.006922597655639295,-1,-1.0,SELL,0.006922597655639295,-0.006922597655639295,95439.88207224171,73214.25815139756
2025-11-07,2899.074951171875,2991.800048828125,3004.0,2960.5,3001.0,1830520,3021.0949829101564,3041.0679736328125,-0.006343569741643407,-1,-1.0,SELL,-0.006343569741643407,0.006343569741643407,96045.3116203012,72749.81839873148
2025-11-10,2931.439453125,3025.199951171875,3047.89990234375,2992.0,2993.0,1556656,3019.269982910156,3038.4279736328126,0.011163815027288582,-1,-1.0,SELL,0.011163815027288582,-0.011163815027288582,94973.07952713387,73561.98391460376
2025-11-11,2952.56396484375,3047.0,3055.699951171875,3018.0,3045.0,2806868,3020.20498046875,3037.493974609375,0.0072061513883339146,-1,-1.0,SELL,0.0072061513883339146,-0.0072061513883339146,94288.68913824507,74092.08270711858
2025-11-12,3034.735595703125,3131.800048828125,3136.39990234375,3057.10009765625,3060.0,4460315,3026.4349853515623,3038.4359765625,0.027830669126394758,-1,-1.0,SELL,0.027830669126394758,-0.027830669126394758,91664.57182847708,76154.11494582587
2025-11-13,3009.4443359375,3105.699951171875,3131.89990234375,3102.0,3131.800048828125,1740435,3033.70498046875,3038.2979736328125,-0.008333896560866472,-1,-1.0,SELL,-0.008333896560866472,0.008333896560866472,92428.49488839171,75519.45442918302
2025-11-14,3009.7353515625,3106.0,3113.10009765625,3077.300048828125,3090.0,2210794,3040.5149780273437,3038.1879736328124,9.661230409974131e-05,1,-1.0,BUY,9.661230409974131e-05,-9.661230409974131e-05,92419.56515853608,75526.75053767978
2025-11-17,3006.052978515625,3102.199951171875,3123.5,3086.60009765625,3106.0,2232853,3047.089978027344,3038.28197265625,-0.0012234542266983395,1,1.0,BUY,-0.0012234542266983395,-0.0012234542266983395,92306.49405091324,75434.34701550567
2025-11-18,2991.421142578125,3087.10009765625,3105.0,3078.0,3102.0,2548350,3053.3349853515624,3038.1099755859377,-0.004867466234702578,1,1.0,BUY,-0.004867466234702578,-0.004867466234702578,91857.19530787665,75067.17287847085
2025-11-19,3050.142822265625,3147.699951171875,3155.0,3083.5,3097.0,3151053,3059.9599853515624,3040.0979736328127,0.019630025460344758,1,1.0,BUY,0.019630025460344758,0.019630025460344758,93660.35439048613,76540.74339331134
2025-11-20,3047.332763671875,3144.800048828125,3164.5,3138.10009765625,3148.0,2700767,3066.864990234375,3042.613974609375,-0.0009212766110919812,1,1.0,BUY,-0.0009212766110919812,-0.0009212766110919812,93574.06729659959,76470.22819662749
2025-11-21,3052.953125,3150.60009765625,3170.0,3135.199951171875,3144.800048828125,4177037,3070.734997558594,3044.637978515625,0.0018443299217978382,1,1.0,BUY,0.0018443299217978382,0.0018443299217978382,93746.64874881903,76611.26452661723
2025-11-24,3043.84423828125,3141.199951171875,3178.89990234375,3131.0,3158.0,6703764,3074.6349975585936,3045.2619775390626,-0.002983605088874297,1,1.0,BUY,-0.002983605088874297,-0.002983605088874297,93466.94577054714,76382.68676791053
2025-11-25,3022.526123046875,3119.199951171875,3149.800048828125,3115.0,3145.300048828125,2737920,3076.35,3045.1619775390627,-0.0070036929651016155,1,1.0,BUY,-0.0070036929651016155,-0.0070036929651016155,92812.33197998443,75847.72588193856
2025-11-26,3064.87158203125,3162.89990234375,3178.0,3117.0,3118.800048828125,2508527,3081.6,3045.7519775390624,0.014009987130019441,1,1.0,BUY,0.014009987130019441,0.014009987130019441,94112.6315565311,76910.35154538575
2025-11-27,3039.386962890625,3136.60009765625,3180.0,3125.0,3180.0,2836233,3085.55,3046.2459814453123,-0.008315092320187456,1,1.0,BUY,-0.008315092320187456,-0.008315092320187456,93330.07633664276,76270.8348719078
2025-11-28,3040.259033203125,3137.5,3147.300048828125,3125.0,3140.0,1616690,3090.6599975585937,3046.081982421875,0.0002869037542982955,1,1.0,BUY,0.0002869037542982955,0.0002869037542982955,93356.85308593269,76292.71726077601
2025-12-01,3036.2861328125,3133.39990234375,3154.0,3122.199951171875,3137.89990234375,1747647,3094.4299926757812,3045.2939794921876,-0.001306804033864517,1,1.0,BUY,-0.001306804033864517,-0.001306804033864517,93234.85397373108,76193.01763010514
2025-12-02,3038.514892578125,3135.699951171875,3144.0,3120.39990234375,3131.0,2512003,3100.3749877929686,3044.4739794921875,0.0007340425415871543,1,1.0,BUY,0.0007340425415871543,0.0007340425415871543,93303.29232290646,76248.94654641754
2025-12-03,3081.441650390625,3180.0,3211.89990234375,3139.0,3140.0,3952112,3109.864990234375,3044.68998046875,0.014127642796808226,1,1.0,BUY,0.014127642796808226,0.014127642796808226,94621.44790861067,77326.16442685825
2025-12-04,3129.11669921875,3229.199951171875,3250.0,3187.39990234375,3194.0,5025905,3120.779992675781,3047.797978515625,0.015471682758451344,1,1.0,BUY,0.015471682758451344,0.015471682758451344,96085.40093279803,78522.53031179844
2025-12-05,3137.837890625,3238.199951171875,3271.60009765625,3222.39990234375,3230.0,5244013,3133.099987792969,3051.3139794921876,0.0027870680466020037,1,1.0,BUY,0.0027870680466020037,0.0027870680466020037,96353.19748348277,78741.37794696879
2025-12-08,3136.190673828125,3236.5,3259.89990234375,3208.60009765625,3243.0,2544725,3143.664990234375,3055.3359814453124,-0.0005249679443851685,1,1.0,BUY,-0.0005249679443851685,-0.0005249679443851685,96302.61514346492,78700.04124764992
2025-12-09,3108.864501953125,3208.300048828125,3233.699951171875,3181.199951171875,3230.0,2734893,3151.7299926757814,3060.353984375,-0.008713100933686047,1,1.0,BUY,-0.008713100933686047,-0.008713100933686047,95463.52073754198,78014.3198447739
2025-12-10,3090.356689453125,3189.199951171875,3225.0,3178.10009765625,3225.0,1386849,3154.599987792969,3066.1559814453126,-0.005953338953825882,1,1.0,BUY,-0.005953338953825882,-0.005953338953825882,94895.19404086581,77549.87415548577
2025-12-11,3092.972900390625,3191.89990234375,3208.39990234375,3153.10009765625,3205.0,1914362,3158.9099853515627,3072.0719775390626,0.000846592002136104,1,1.0,BUY,0.000846592002136104,0.000846592002136104,94975.53155318197,77615.52725871246
2025-12-12,3120.6865234375,3220.5,3223.0,3185.699951171875,3197.699951171875,1146554,3164.6349853515626,3078.7139794921877,0.008960211325940826,1,1.0,BUY,0.008960211325940826,0.008960211325940826,95826.53238669204,78310.97878512484
2025-12-15,3130.085693359375,3230.199951171875,3238.199951171875,3197.300048828125,3211.10009765625,1562190,3171.0349853515627,3085.0339794921874,0.003011939503764882,1,1.0,BUY,0.003011939503764882,0.003011939503764882,96115.15610509632,78546.84671570626
2025-12-16,3105.763916015625,3205.10009765625,3220.0,3191.10009765625,3220.0,1734623,3176.9349853515623,3091.0979833984375,-0.007770371461531034,1,1.0,BUY,-0.007770371461531034,-0.007770371461531034,95368.30563907667,77936.50853959327
2025-12-17,3118.0703125,3217.800048828125,3236.89990234375,3200.5,3200.5,1376350,3180.439990234375,3095.685986328125,0.0039624195141867435,1,1.0,BUY,0.0039624195141867435,0.0039624195141867435,95746.19487437588,78245.32568189813
2025-12-18,3179.11767578125,3280.800048828125,3287.800048828125,3221.0,3228.0,2307422,3187.239990234375,3101.82798828125,0.019578593773389885,1,1.0,BUY,0.019578593773389885,0.019578593773389885,97620.7707291691,79777.25912809062
2025-12-19,3180.280517578125,3282.0,3317.89990234375,3278.800048828125,3299.0,3902511,3193.8099853515623,3106.9239892578125,0.00036574955925883224,1,1.0,BUY,0.00036574955925883224,0.00036574955925883224,97656.47548303781,79806.4376254556
2025-12-22,3221.8505859375,3324.89990234375,3328.60009765625,3291.0,3310.0,2632816,3202.994982910156,3112.18798828125,0.013071268233927569,1,1.0,BUY,0.013071268233927569,0.013071268233927569,98932.96946885657,80849.60897845213
2025-12-23,3207.41259765625,3310.0,3319.89990234375,3293.5,3319.89990234375,2365420,3212.5349853515627,3117.8219873046874,-0.004481308545032259,1,1.0,BUY,-0.004481308545032259,-0.004481308545032259,98489.62030739037,80487.29693487448
2025-12-24,3216.1337890625,3319.0,3327.10009765625,3296.10009765625,3304.10009765625,1367708,3220.339990234375,3124.05798828125,0.002719033232628343,1,1.0,BUY,0.002719033232628343,0.002719033232628343,98757.41685807511,80706.14457004484
2025-12-26,3178.342529296875,3280.0,3320.0,3271.800048828125,3313.10009765625,1176664,3227.5099853515626,3130.4519873046875,-0.011750527267249122,1,1.0,BUY,-0.011750527267249122,-0.011750527267249122,97596.9651384412,79757.80481763998
2025-12-29,3150.7255859375,3251.5,3288.0,3242.89990234375,3280.0,2079473,3233.2099853515624,3136.085986328125,-0.008689024390243882,1,1.0,BUY,-0.008689024390243882,-0.008689024390243882,96748.94272793952,79064.78730626719
2025-12-30,3146.171630859375,3246.800048828125,3267.5,3239.5,3250.0,2807593,3238.879992675781,3141.60798828125,-0.0014454716813393498,1,1.0,BUY,-0.0014454716813393498,-0.0014454716813393498,96609.09487102675,78950.50139522486
2025-12-31,3106.829833984375,3206.199951171875,3246.0,3198.5,3240.0,3362634,3242.404992675781,3146.48798828125,-0.012504649823109282,1,1.0,BUY,-0.012504649823109282,-0.012504649823109282,95401.03196993702,77963.25302191867
2026-01-01,3127.37255859375,3227.39990234375,3234.10009765625,3198.199951171875,3215.0,1255735,3244.7749877929687,3150.7319873046877,0.006612173755453421,1,1.0,BUY,0.006612173755453421,0.006612173755453421,96031.8401697718,78478.75959743999
2026-01-02,3149.950439453125,3250.699951171875,3254.300048828125,3219.5,3234.0,1184324,3245.849987792969,3155.6119873046873,0.007219448947496154,1,1.0,BUY,0.007219448947496154,0.007219448947496154,96725.1371372116,79045.33299581653
2026-01-05,3116.423095703125,3216.10009765625,3247.0,3191.0,3240.5,2341703,3244.7449951171875,3158.469990234375,-0.010643816419645846,1,1.0,BUY,-0.010643816419645846,-0.010643816419645846,95695.61253435805,78203.98898257929
2026-01-06,3154.892578125,3255.800048828125,3263.199951171875,3205.0,3210.0,2912325,3245.709997558594,3162.3219921875,0.012344127970645768,1,1.0,BUY,0.012344127970645768,0.012344127970645768,96876.8914217115,79169.34903039521
2026-01-07,3193.458984375,3295.60009765625,3300.60009765625,3223.199951171875,3242.89990234375,1989442,3250.075,3166.53599609375,0.012224352918248194,1,1.0,BUY,0.012224352918248194,0.012224352918248194,98061.14873207331,80137.14309325074
2026-01-08,3104.60107421875,3203.89990234375,3286.89990234375,3182.0,3286.89990234375,4159336,3250.8099975585938,3169.45599609375,-0.02782503719966356,1,1.0,BUY,-0.02782503719966356,-0.02782503719966356,95332.59362076163,77907.32410560628
2026-01-09,3108.38037109375,3207.800048828125,3229.699951171875,3191.0,3191.0,1938673,3251.6050048828124,3172.4599951171876,0.0012173122142555837,1,1.0,BUY,0.0012173122142555837,0.0012173122142555837,95448.64315139284,78002.16164282
2026-01-12,3139.194580078125,3239.60009765625,3252.0,3174.300048828125,3203.0,2228342,3252.560009765625,3176.54599609375,0.009913351313696195,1,1.0,BUY,0.009913351313696195,0.009913351313696195,96394.85908336822,78775.424474413
2026-01-13,3166.71435546875,3268.0,3280.0,3210.5,3245.0,5645341,3254.4500122070312,3180.74599609375,0.008766483975690909,1,1.0,BUY,0.008766483975690909,0.008766483975690909,97239.90307086156,79466.00797074618
2026-01-14,3093.55419921875,3192.5,3260.0,3183.0,3260.0,3539511,3253.8200073242188,3184.2599951171874,-0.023102815177478586,1,1.0,BUY,-0.023102815177478586,-0.023102815177478586,94993.3875623395,77630.11947570599
2026-01-15,3093.55419921875,3192.5,3192.5,3192.5,3192.5,0,3252.5550048828127,3188.30599609375,0.0,1,1.0,BUY,0.0,0.0,94993.3875623395,77630.11947570599
2026-01-16,3163.8017578125,3206.699951171875,3221.89990234375,3171.0,3219.39990234375,4293470,3248.85,3192.2219970703127,0.004447909529169847,1,1.0,BUY,0.004447909529169847,0.004447909529169847,95415.90955608616,77975.41122387256
2026-01-19,3121.278564453125,3163.60009765625,3220.0,3152.10009765625,3188.0,3387562,3242.9300048828127,3195.657998046875,-0.013440563249416115,1,1.0,BUY,-0.013440563249416115,-0.013440563249416115,94133.465988697,76927.37777741888
2026-01-20,3060.798583984375,3102.300048828125,3160.0,3091.10009765625,3151.60009765625,4499273,3231.800012207031,3197.2,-0.019376674338055233,1,1.0,BUY,-0.019376674338055233,-0.019376674338055233,92309.47247392163,75436.78103054529
2026-01-21,3080.826904296875,3122.60009765625,3138.5,3082.0,3100.0,2015150,3222.4300170898437,3198.712001953125,0.006543547854371168,1,1.0,BUY,0.006543547854371168,0.006543547854371168,92913.5039244665,75930.40521719838
2026-01-22,3108.2548828125,3150.39990234375,3160.0,3122.300048828125,3150.0,2269827,3214.0000122070314,3199.0839990234376,0.008902774552644654,1,1.0,BUY,0.008902774552644654,0.008902774552644654,93740.69190280228,76606.39649653806
2026-01-23,3120.193115234375,3162.5,3194.5,3152.0,3190.300048828125,2068857,3208.1250122070314,3200.22,0.00384081324001051,1,1.0,BUY,0.00384081324001051,0.00384081324001051,94100.73239339031,76900.62735847145
2026-01-27,3115.75341796875,3158.0,3175.0,3130.0,3175.0,4279874,3203.4500122070312,3201.26,-0.0014229249011857847,1,1.0,BUY,-0.0014229249011857847,-0.0014229249011857847,93966.83411804793,76791.20354088627
2026-01-28,3157.290283203125,3200.10009765625,3205.199951171875,3170.60009765625,3176.0,2751234,3201.1150146484374,3203.2180029296874,0.013331253216038563,-1,1.0,SELL,0.013331253216038563,0.013331253216038563,95219.52977758512,77814.92652005418
2026-01-29,3102.335205078125,3144.39990234375,3200.10009765625,3125.60009765625,3200.10009765625,2457641,3198.025012207031,3204.3639990234374,-0.01740576657376902,-1,-1.0,SELL,-0.01740576657376902,0.01740576657376902,96876.89868615782,76460.49807309113
2026-01-30,3082.109375,3123.89990234375,3141.0,3092.0,3141.0,3022068,3192.8500122070313,3203.887998046875,-0.00651952698024183,-1,-1.0,SELL,-0.00651952698024183,0.00651952698024183,97508.49024090437,75962.01179298089
2026-02-02,3127.1982421875,3169.60009765625,3198.0,3134.0,3198.0,2636272,3188.79501953125,3204.3839990234374,0.014629212439941641,-1,-1.0,SELL,0.014629212439941641,-0.014629212439941641,96082.0178224722,77073.27620086576
2026-02-03,3182.153076171875,3225.300048828125,3350.0,3186.300048828125,3350.0,4366060,3189.255017089844,3205.877998046875,0.01757317940930858,-1,-1.0,SELL,0.01757317940930858,-0.01757317940930858,94393.55128526951,78427.69871120676
2026-02-04,2958.979248046875,2999.10009765625,3120.0,2986.0,3120.0,10852595,3176.42001953125,3203.0360009765627,-0.07013299468186285,-1,-1.0,SELL,-0.07013299468186285,0.07013299468186285,101013.65371556146,72927.32933458296
2026-02-05,2951.480712890625,2991.5,3029.699951171875,2972.300048828125,2990.0,3521545,3161.2150146484373,3200.482001953125,-0.002534126040737772,-1,-1.0,SELL,-0.002534126040737772,0.002534126040737772,101269.63504591212,72742.52229023473
2026-02-06,2902.248291015625,2941.60009765625,2985.0,2916.0,2976.60009765625,4687389,3148.1000244140623,3196.056005859375,-0.01668056237464488,-1,-1.0,SELL,-0.01668056237464488,0.01668056237464488,102958.86950995297,71529.13610988348
2026-02-09,2908.760009765625,2948.199951171875,2977.0,2937.5,2959.10009765625,2380318,3135.12001953125,3192.2880029296875,0.0022436270385235435,-1,-1.0,SELL,0.0022436270385235435,-0.0022436270385235435,102727.86820646463,71689.62081370184
2026-02-10,2944.673095703125,2984.60009765625,3011.60009765625,2943.5,2949.800048828125,3547763,3122.37001953125,3189.2300048828124,0.012346566409074944,-1,-1.0,SELL,0.012346566409074944,-0.012346566409074944,101459.53175959081,72574.74147791961
2026-02-11,2870.873779296875,2909.800048828125,2998.0,2904.199951171875,2980.0,3363513,3104.4600219726562,3184.7580078125,-0.02506200039558537,-1,-1.0,SELL,-0.02506200039558537,0.02506200039558537,104002.3105846856,70755.87327829048
2026-02-12,2713.31005859375,2750.10009765625,2880.0,2740.0,2869.800048828125,10612156,3082.3400268554688,3177.0460107421877,-0.054883479446016126,-1,-1.0,SELL,-0.054883479446016126,0.054883479446016126,109710.31925999837,66872.5447615365
2026-02-13,2656.1845703125,2692.199951171875,2713.0,2585.0,2585.0,11168735,3057.3250244140627,3167.290009765625,-0.021053832380035886,-1,-1.0,SELL,-0.021053832380035886,0.021053832380035886,112020.14193205858,65464.62141330066
2026-02-16,2670.39208984375,2706.60009765625,2719.800048828125,2671.0,2700.0,2918730,3032.320031738281,3156.8380126953125,0.0053488398876564425,-1,-1.0,SELL,0.0053488398876564425,-0.0053488398876564425,111420.96412867145,65814.78119154646
2026-02-17,2681.04736328125,2717.39990234375,2760.0,2695.199951171875,2716.0,4209118,3010.0100219726564,3146.42201171875,0.003990173759637505,-1,-1.0,SELL,0.003990173759637505,-0.003990173759637505,110976.3751213317,66077.39360445325
2026-02-18,2658.848388671875,2694.89990234375,2730.0,2657.300048828125,2730.0,2950820,2989.6400146484375,3135.590009765625,-0.008279973801645357,-1,-1.0,SELL,-0.008279973801645357,0.008279973801645357,111895.25659993791,65530.274516527366
2026-02-19,2642.075927734375,2677.89990234375,2748.699951171875,2666.60009765625,2708.0,3238849,2967.4050048828126,3124.9820068359377,-0.006308212036081562,-1,-1.0,SELL,-0.006308212036081562,0.006308212036081562,112601.11560440208,65116.89565009448
2026-02-20,2650.264892578125,2686.199951171875,2702.60009765625,2647.5,2667.0,2293482,2944.1950073242188,3114.9220068359373,0.0030994619406277124,-1,-1.0,SELL,0.0030994619406277124,-0.0030994619406277124,112252.112732114,65318.72298985377
2026-02-23,2640.497314453125,2676.300048828125,2704.0,2660.199951171875,2686.0,4699596,2919.885009765625,3104.610009765625,-0.0036854673977010366,-1,-1.0,SELL,-0.0036854673977010366,0.0036854673977010366,112665.81423391124,65077.9929658152
2026-02-24,2539.269775390625,2573.699951171875,2647.5,2561.300048828125,2641.0,7798833,2890.6700073242187,3091.6740087890626,-0.038336545149777024,-1,-1.0,SELL,-0.038336545149777024,0.038336545149777024,116985.03230812598,62583.12755022436
2026-02-25,2594.126220703125,2629.300048828125,2654.199951171875,2595.0,2596.0,3621285,2862.1300048828125,3079.6560107421874,0.02160317780281029,-1,-1.0,SELL,0.02160317780281029,-0.02160317780281029,114457.78385490604,63935.121982147815
2026-02-26,2612.27978515625,2647.699951171875,2671.0,2635.0,2650.0,3464267,2837.2950073242187,3068.5080078125,0.006998023048738977,-1,-1.0,SELL,0.006998023048738977,-0.006998023048738977,113656.80564538183,64382.54143940282
2026-02-27,2602.11767578125,2637.39990234375,2688.60009765625,2626.10009765625,2681.60009765625,5083717,2812.970007324219,3056.9000048828125,-0.0038901873392286346,-1,-1.0,SELL,-0.0038901873392286346,0.0038901873392286346,114098.95191172068,64132.08129182789
2026-03-02,2578.537353515625,2613.5,2623.800048828125,2580.300048828125,2592.0,3374385,2785.165002441406,3043.55400390625,-0.009061918263707835,-1,-1.0,SELL,-0.009061918263707835,0.009061918263707835,115132.9072879194,63550.92161307988
2026-03-04,2553.181396484375,2587.800048828125,2635.0,2580.39990234375,2625.0,3446434,2753.290002441406,3029.6700048828125,-0.009833537850344354,-1,-1.0,SELL,-0.009833537850344354,0.009833537850344354,116265.07108955532,62925.99121997339
2026-03-05,2544.3017578125,2578.800048828125,2609.5,2546.39990234375,2600.0,2960636,2732.275,3014.7480078125,-0.0034778575740717077,-1,-1.0,SELL,-0.0034778575740717077,0.0034778575740717077,116669.42444764412,62707.14358480304
2026-03-06,2523.385498046875,2557.60009765625,2619.199951171875,2553.60009765625,2572.0,3998643,2710.5800048828123,2999.700009765625,-0.008220858837624467,-1,-1.0,SELL,-0.008220858837624467,0.008220858837624467,117628.5473166951,62191.637009281716
2026-03-09,2493.589111328125,2527.39990234375,2560.0,2505.0,2530.0,3653428,2689.8699951171875,2983.8680078125,-0.011808020863064206,-1,-1.0,SELL,-0.011808020863064206,0.011808020863064206,119017.50765750256,61457.276861968
2026-03-10,2479.480712890625,2513.10009765625,2545.199951171875,2490.10009765625,2541.0,4323710,2668.1150024414064,2968.530009765625,-0.005657911387208392,-1,-1.0,SELL,-0.005657911387208392,0.005657911387208392,119690.89816935512,61109.557035383856
2026-03-11,2431.92529296875,2464.89990234375,2521.0,2460.10009765625,2508.10009765625,2720664,2642.129992675781,2952.7980078125,-0.019179576395485398,-1,-1.0,SELL,-0.019179576395485398,0.019179576395485398,121986.51889463855,59937.50161772944
2026-03-12,2409.726318359375,2442.39990234375,2472.89990234375,2436.0,2459.800048828125,2752075,2618.7599853515626,2936.7100048828124,-0.00912815971902381,-1,-1.0,SELL,-0.00912815971902381,0.00912815971902381,123100.0313226765,59390.38252980355
2026-03-13,2378.253173828125,2410.5,2445.89990234375,2397.0,2437.0,2466488,2601.77998046875,2920.796005859375,-0.013060884220122415,-1,-1.0,SELL,-0.013060884220122415,0.013060884220122415,124707.82657927541,58614.69161979301
2026-03-16,2376.970458984375,2409.199951171875,2425.0,2366.10009765625,2410.0,3807907,2587.62998046875,2904.4320068359375,-0.0005393274541070081,-1,-1.0,SELL,-0.0005393274541070081,0.0005393274541070081,124775.08493389165,58583.07910738845
2026-03-17,2359.70458984375,2391.699951171875,2420.0,2360.0,2420.0,2993367,2571.884973144531,2887.2520068359377,-0.007263822162825395,-1,-1.0,SELL,-0.007263822162825395,0.007263822162825395,125681.42896120287,58157.542039001644
2026-03-18,2408.14794921875,2440.800048828125,2482.89990234375,2410.0,2410.0,3082388,2558.05498046875,2871.746005859375,0.020529371852097134,-1,-1.0,SELL,0.020529371852097134,-0.020529371852097134,123101.2681711554,59351.47984552428
2026-03-19,2324.482177734375,2356.0,2424.0,2350.199951171875,2417.0,2757060,2541.1099853515625,2853.7500048828124,-0.03474272661901945,-1,-1.0,SELL,-0.03474272661901945,0.03474272661901945,127378.14187768046,57289.44760681699
2026-03-20,2358.619384765625,2390.60009765625,2407.800048828125,2364.199951171875,2386.0,4206320,2526.7449951171875,2835.6500048828125,0.01468594976920623,-1,-1.0,SELL,0.01468594976920623,-0.01468594976920623,125507.47288437003,58130.79755667627
2026-03-23,2351.910400390625,2383.800048828125,2406.800048828125,2348.0,2365.0,3860515,2511.625,2819.2480078125,-0.0028444944994320265,-1,-1.0,SELL,-0.0028444944994320265,0.0028444944994320265,125864.47820062724,57965.444822778714
2026-03-24,2366.709716796875,2398.800048828125,2435.39990234375,2379.10009765625,2404.10009765625,3420182,2497.75,2803.0680078125,0.006292474071964982,-1,-1.0,SELL,0.006292474071964982,-0.006292474071964982,125072.4792349684,58330.19088139596
2026-03-25,2345.595947265625,2377.39990234375,2421.60009765625,2369.800048828125,2400.89990234375,5843778,2487.9349975585938,2785.82400390625,-0.008921188114378031,-1,-1.0,SELL,-0.008921188114378031,0.008921188114378031,126188.2743501552,57809.81627579544
2026-03-27,2357.830078125,2389.800048828125,2422.10009765625,2385.0,2403.89990234375,4979411,2475.959997558594,2768.2600048828126,0.005215843776282814,-1,-1.0,SELL,0.005215843776282814,-0.005215843776282814,125530.09602474608,58111.34324622561
2026-03-30,2327.34326171875,2358.89990234375,2398.0,2346.199951171875,2375.10009765625,6804756,2461.5199951171876,2751.5880029296877,-0.012930013328741552,-1,-1.0,SELL,-0.012930013328741552,0.012930013328741552,127153.20183950425,57359.96280350084
2026-04-01,2375.98388671875,2408.199951171875,2472.0,2397.89990234375,2429.0,4132661,2450.0599975585938,2735.902001953125,0.02089959339908476,-1,-1.0,SELL,0.02089959339908476,-0.02089959339908476,124495.75162166686,58558.762703480636
2026-04-02,2417.915283203125,2450.699951171875,2469.89990234375,2375.699951171875,2386.0,5378361,2441.9199951171877,2720.782001953125,0.017648036235246467,-1,-1.0,SELL,0.017648036235246467,-0.017648036235246467,122298.64608591344,59592.20986956286
2026-04-06,2440.804931640625,2473.89990234375,2482.0,2448.199951171875,2474.0,2572417,2436.224987792969,2706.987998046875,0.009466663252994723,-1,-1.0,SELL,0.009466663252994723,-0.009466663252994723,121140.88598712091,60156.349252899796
2026-04-07,2505.823486328125,2539.800048828125,2543.89990234375,2448.0,2461.0,4516550,2434.2749877929687,2695.737998046875,0.026638162046064062,-1,-1.0,SELL,0.026638162046064062,-0.026638162046064062,117913.91543579221,61758.80383239817
2026-04-08,2524.9638671875,2559.199951171875,2580.300048828125,2540.10009765625,2572.0,4769337,2434.35498046875,2684.4699951171874,0.007638358126932587,-1,-1.0,SELL,0.007638358126932587,-0.007638358126932587,117013.24672154478,62230.539693561004
2026-04-09,2554.365234375,2589.0,2605.0,2531.10009765625,2554.0,5628261,2437.4349853515623,2673.2419970703127,0.01164428313406285,-1,-1.0,SELL,0.01164428313406285,-0.01164428313406285,115650.71134628318,62955.169717338365
2026-04-10,2490.53076171875,2524.300048828125,2565.800048828125,2501.10009765625,2565.800048828125,10480239,2437.994982910156,2660.477998046875,-0.024990324902230632,-1,-1.0,SELL,-0.024990324902230632,0.024990324902230632,118540.8601980009,61381.899571827016
2026-04-13,2439.5224609375,2472.60009765625,2504.89990234375,2470.0,2489.89990234375,3739587,2438.379992675781,2646.77,-0.020480905665662075,-1,-1.0,SELL,-0.020480905665662075,0.020480905665662075,120968.68437324259,60124.74267711728
2026-04-15,2520.72119140625,2554.89990234375,2559.0,2493.39990234375,2501.89990234375,5261384,2444.004992675781,2633.86599609375,0.033284721118271854,-1,-1.0,SELL,0.033284721118271854,-0.033284721118271854,116942.27544983498,62125.97796943299
2026-04-16,2542.427001953125,2576.89990234375,2594.0,2558.0,2572.0,3905403,2452.324987792969,2622.51599609375,0.008610904865516744,-1,-1.0,SELL,0.008610904865516744,-0.008610904865516744,115935.29664117939,62660.938855404966
2026-04-17,2546.965576171875,2581.5,2589.0,2555.89990234375,2570.0,2718206,2460.939990234375,2611.667998046875,0.001785128577197037,-1,-1.0,SELL,0.001785128577197037,-0.001785128577197037,115728.3372300394,62772.79668802975
2026-04-20,2545.091064453125,2579.60009765625,2594.0,2561.199951171875,2587.10009765625,2288558,2470.334997558594,2599.867998046875,-0.0007359683686809504,-1,-1.0,SELL,-0.0007359683686809504,0.0007359683686809504,115813.50962560075,62726.59789525372
2026-04-21,2575.57763671875,2610.5,2614.0,2560.0,2560.0,2719959,2478.8199951171873,2587.5719970703126,0.011978563022936983,-1,-1.0,SELL,0.011978563022936983,-0.011978563022936983,114426.23020164297,63477.97240135644
2026-04-22,2504.540771484375,2538.5,2580.0,2503.60009765625,2580.0,5232045,2487.9449951171873,2578.3599951171873,-0.02758092319479022,-1,-1.0,SELL,-0.02758092319479022,0.02758092319479022,117582.21126830389,61727.19131999361
2026-04-23,2488.064208984375,2521.800048828125,2559.5,2516.300048828125,2529.0,2509050,2494.504992675781,2568.96599609375,-0.00657866896666337,-1,-1.0,SELL,-0.00657866896666337,0.00657866896666337,118355.74571260632,61321.10856205748
2026-04-24,2364.8349609375,2396.89990234375,2505.0,2388.800048828125,2488.0,5107719,2495.1599853515627,2558.0719921875,-0.049528171966852,-1,-1.0,SELL,-0.049528171966852,0.049528171966852,124217.68943952527,58283.9861519979
2026-04-27,2414.85693359375,2447.60009765625,2459.0,2396.89990234375,2396.89990234375,5853425,2497.599987792969,2548.0599951171876,0.02115240409619279,-1,-1.0,SELL,0.02115240409619279,-0.02115240409619279,121590.18667660507,59516.83257942186
2026-04-28,2411.99560546875,2444.699951171875,2487.0,2427.39990234375,2444.0,4508363,2500.964990234375,2537.2619921875,-0.0011848939241144718,-1,-1.0,SELL,-0.0011848939241144718,0.0011848939241144718,121734.25815003015,59446.31144611597
2026-04-29,2441.59423828125,2474.699951171875,2487.89990234375,2447.60009765625,2451.0,2835961,2505.2099853515624,2528.559990234375,0.012271444594098124,-1,-1.0,SELL,0.012271444594098124,-0.012271444594098124,120240.4029459384,60175.803563350484
2026-04-30,2440.804931640625,2473.89990234375,2491.0,2438.0,2479.0,3970446,2510.9599853515624,2523.035986328125,-0.0003232912449633307,-1,-1.0,SELL,-0.0003232912449633307,0.0003232912449633307,120279.2756155017,60156.34925289982
2026-05-01,2440.804931640625,2473.89990234375,2473.89990234375,2473.89990234375,2473.89990234375,0,2514.244982910156,2518.6699853515624,0.0,-1,-1.0,SELL,0.0,-0.0,120279.2756155017,60156.34925289982
2026-05-04,2398.77490234375,2431.300048828125,2498.300048828125,2425.0,2494.0,2632358,2513.2749877929687,2513.163984375,-0.017219715913027178,1,-1.0,BUY,-0.017219715913027178,0.017219715913027178,122350.45057182532,59120.47400840004
2026-05-05,2394.828369140625,2427.300048828125,2460.39990234375,2412.199951171875,2430.0,3385720,2510.9449951171873,2507.3619873046873,-0.0016452103482365033,1,1.0,BUY,-0.0016452103482365033,-0.0016452103482365033,122149.15834443316,59023.20839276876
2026-05-06,2402.81982421875,2435.39990234375,2471.0,2406.5,2441.89990234375,3147628,2505.724987792969,2502.1719873046877,0.0033369807410235097,1,1.0,BUY,0.0033369807410235097,0.0033369807410235097,122556.76773336077,59220.16770244885
2026-05-07,2369.274658203125,2401.39990234375,2439.699951171875,2398.0,2438.199951171875,5829594,2497.8349853515624,2496.6419873046875,-0.013960746227869802,1,1.0,BUY,-0.013960746227869802,-0.013960746227869802,120845.78380052735,58393.409969583074
2026-05-08,2362.368408203125,2394.39990234375,2407.0,2375.10009765625,2398.0,3792199,2488.10498046875,2490.805986328125,-0.0029149663882171994,-1,1.0,SELL,-0.0029149663882171994,-0.0029149663882171994,120493.52240259106,58223.19514222836
2026-05-11,2360.888427734375,2392.89990234375,2415.0,2371.0,2371.0,1975188,2481.5349731445312,2485.1379833984374,-0.0006264617696198904,-1,-1.0,SELL,-0.0006264617696198904,0.0006264617696198904,120569.00698786312,58186.72053636663
2026-05-12,2269.52734375,2300.300048828125,2375.0,2283.0,2375.0,6347884,2472.919970703125,2479.6699853515624,-0.03869775473053727,-1,-1.0,SELL,-0.03869775473053727,0.03869775473053727,125234.75684838388,55935.025096476
2026-05-13,2242.395263671875,2272.800048828125,2309.199951171875,2269.0,2306.0,3171843,2458.814978027344,2472.5399853515623,-0.01195496214244296,-1,-1.0,SELL,-0.01195496214244296,0.01195496214244296,126731.93362542434,55266.323989011034
2026-05-14,2215.953857421875,2246.0,2265.0,2206.39990234375,2265.0,5633313,2442.269982910156,2464.505986328125,-0.011791643898434123,-1,-1.0,SELL,-0.011791643898434123,0.011791643898434123,128226.31145729535,54614.643176957135
2026-05-15,2233.712890625,2264.0,2304.89990234375,2252.0,2252.0,3410637,2426.394982910156,2457.03798828125,0.00801424755120217,-1,-1.0,SELL,0.00801424755120217,-0.00801424755120217,127198.67405469902,55052.33844729784
2026-05-18,2252.656005859375,2283.199951171875,2292.89990234375,2252.199951171875,2264.0,3773336,2411.5749755859374,2450.4319873046875,0.008480543803831786,-1,-1.0,SELL,0.008480543803831786,-0.008480543803831786,126119.96012758884,55519.21221500352
2026-05-19,2295.968994140625,2327.10009765625,2377.60009765625,2297.10009765625,2300.0,10394707,2397.40498046875,2445.21798828125,0.01922746470883685,-1,-1.0,SELL,0.01922746470883685,-0.01922746470883685,123694.99304515572,56586.70590852992
2026-05-20,2296.2646484375,2327.39990234375,2342.0,2317.800048828125,2323.89990234375,2537422,2386.8499755859375,2440.1899853515624,0.00012883188299550596,-1,-1.0,SELL,0.00012883188299550596,-0.00012883188299550596,123679.0571862846,56593.99608040463
2026-05-21,2296.0673828125,2327.199951171875,2335.89990234375,2314.0,2331.0,3299087,2377.119970703125,2435.581982421875,-8.591182446715528e-05,-1,-1.0,SELL,-8.591182446715528e-05,8.591182446715528e-05,123689.68267973585,56589.13398694747
2026-05-22,2286.300048828125,2317.300048828125,2340.0,2308.10009765625,2331.10009765625,2617262,2373.1399780273437,2431.3799853515625,-0.004253997314998537,-1,-1.0,SELL,-0.004253997314998537,0.004253997314998537,124215.85825774846,56348.4039629089
2026-05-25,2308.199951171875,2308.199951171875,2326.10009765625,2293.0,2325.0,3298364,2366.169970703125,2427.281982421875,-0.003927026049497573,-1,-1.0,SELL,-0.003927026049497573,0.003927026049497573,124703.65716888734,56127.12231269894
2026-05-26,2276.199951171875,2276.199951171875,2327.89990234375,2272.39990234375,2308.199951171875,3587597,2357.744970703125,2423.5079833984373,-0.01386361696427274,-1,-1.0,SELL,-0.01386361696427274,0.01386361696427274,126432.50090592078,55348.9973876488
2026-05-27,2284.199951171875,2284.199951171875,2295.60009765625,2260.89990234375,2275.0,2653950,2348.219970703125,2420.343984375,0.00351462972129557,-1,-1.0,SELL,0.00351462972129557,-0.00351462972129557,125988.1374804991,55543.52861891134
2026-05-28,2284.199951171875,2284.199951171875,2284.199951171875,2284.199951171875,2284.199951171875,0,2338.734973144531,2417.8179833984377,0.0,-1,-1.0,SELL,0.0,-0.0,125988.1374804991,55543.52861891134
2026-05-29,2258.89990234375,2258.89990234375,2334.0,2235.0,2291.0,16331582,2327.984973144531,2414.811982421875,-0.011076109521473865,-1,-1.0,SELL,-0.011076109521473865,0.011076109521473865,127383.59588963962,54928.322412719164
2026-06-01,2297.39990234375,2297.39990234375,2335.0,2280.0,2284.0,7505095,2321.2899658203123,2412.9259814453126,0.0170436945701109,-1,-1.0,SELL,0.0170436945701109,-0.0170436945701109,125212.50878805417,55864.50396317013
2026-06-02,2446.89990234375,2446.89990234375,2457.39990234375,2316.199951171875,2320.0,11306127,2322.2699584960938,2413.047978515625,0.0650735641833553,-1,-1.0,SELL,0.0650735641833553,-0.0650735641833553,117064.48456087579,59499.806347388796
2026-06-03,2241.699951171875,2241.699951171875,2393.0,2224.800048828125,2393.0,15660062,2312.5849609375,2410.7619775390626,-0.0838611955378008,-1,-1.0,SELL,-0.0838611955378008,0.0838611955378008,126881.65219116728,54510.08145282914
2026-06-04,2241.0,2241.0,2253.10009765625,2216.60009765625,2241.699951171875,4867263,2304.5649658203124,2407.7699755859376,-0.00031224123973816464,-1,-1.0,SELL,-0.00031224123973816464,0.00031224123973816464,126921.26987554746,54493.06115741808
2026-06-05,2198.89990234375,2198.89990234375,2271.800048828125,2192.0,2262.89990234375,5019717,2294.7899658203123,2404.07197265625,-0.018786299712739818,-1,-1.0,SELL,-0.018786299712739818,0.018786299712739818,129305.65089135105,53469.33817825016
2026-06-08,2151.39990234375,2151.39990234375,2177.0,2143.300048828125,2170.0,6536734,2282.7149658203125,2399.1239697265623,-0.02160171090524443,-1,-1.0,SELL,-0.02160171090524443,0.02160171090524443,132098.87418032048,52314.30899262885
2026-06-09,2151.0,2151.0,2174.0,2132.800048828125,2174.0,4148655,2275.249963378906,2394.5959716796874,-0.000185880060380339,-1,-1.0,SELL,-0.000185880060380339,0.000185880060380339,132123.42872702927,52304.58480571455
2026-06-10,2153.89990234375,2153.89990234375,2180.800048828125,2144.800048828125,2151.300048828125,2848650,2269.3049560546874,2389.87796875,0.001348164734425783,-1,-1.0,SELL,0.001348164734425783,-0.001348164734425783,131945.30457982808,52375.1000023984
2026-06-11,2135.60009765625,2135.60009765625,2154.60009765625,2110.0,2127.0,3079815,2263.7849609375,2385.41197265625,-0.008496125872695992,-1,-1.0,SELL,-0.008496125872695992,0.008496125872695992,133066.3284958495,51930.114560182985
2026-06-12,2161.39990234375,2161.39990234375,2168.0,2138.0,2150.0,2124656,2258.6549560546873,2380.4759716796875,0.012080822020852366,-1,-1.0,SELL,0.012080822020852366,-0.012080822020852366,131458.77786432285,52557.47303170703
2026-06-15,2162.0,2162.0,2192.0,2159.300048828125,2192.0,3337083,2252.5949584960936,2374.70197265625,0.00027764304773003623,-1,-1.0,SELL,0.00027764304773003623,-0.00027764304773003623,131422.27924858575,52572.06524870054
2026-06-16,2199.0,2199.0,2209.0,2160.60009765625,2167.0,3079898,2246.1899536132814,2369.203974609375,0.017113783533765137,-1,-1.0,SELL,0.017113783533765137,-0.017113783533765137,129173.14681001141,53471.77219328978
2026-06-17,2223.0,2223.0,2231.0,2200.699951171875,2209.0,2865010,2240.9699584960936,2362.8679736328127,0.01091405184174632,-1,-1.0,SELL,0.01091405184174632,-0.01091405184174632,127763.34438916546,54055.36588707739
2026-06-18,2203.300048828125,2203.300048828125,2214.0,2182.0,2209.0,3735188,2234.7749633789062,2355.7499755859376,-0.008861876370614086,-1,-1.0,SELL,-0.008861876370614086,0.008861876370614086,128895.56735183843,53576.333917417796
2026-06-19,2125.0,2125.0,2138.0,2059.89990234375,2105.0,13286502,2225.1599609375,2346.4699755859374,-0.03553762406067695,-1,-1.0,SELL,-0.03553762406067695,0.03553762406067695,133476.20956747574,51672.35830411131
2026-06-22,2127.800048828125,2127.800048828125,2157.0,2121.0,2132.199951171875,4566101,2216.1399658203127,2338.5399755859376,0.001317670036764751,-1,-1.0,SELL,0.001317670036764751,-0.001317670036764751,133300.33196550774,51740.44542237761
2026-06-23,2059.60009765625,2059.60009765625,2114.0,2055.0,2111.0,6392736,2205.3099731445313,2330.2799755859373,-0.0320518608923972,-1,-1.0,SELL,-0.0320518608923972,0.0320518608923972,137572.85566257656,50082.067863188895
2026-06-24,2109.0,2109.0,2120.699951171875,2061.0,2061.0,4747277,2196.5499755859373,2321.3619775390625,0.023985191299983555,-1,-1.0,SELL,0.023985191299983555,-0.023985191299983555,134273.14440182465,51283.29584158624
2026-06-25,2094.699951171875,2094.699951171875,2148.5,2088.0,2133.60009765625,4738903,2187.0749755859374,2311.717978515625,-0.006780487827465653,-1,-1.0,SELL,-0.006780487827465653,0.006780487827465653,135183.58182299676,50935.57007838004
2026-06-29,2097.89990234375,2097.89990234375,2105.0,2071.0,2090.0,3411781,2179.0249755859377,2302.0459765625,0.00152764178472653,-1,-1.0,SELL,0.00152764178472653,-0.00152764178472653,134977.06973479493,51013.38138356064
